"","x"
"1","Abelmoschus esculentus"
"2","Abelmoschus manihot"
"3","Abelmoschus moschatus"
"4","Abies alba"
"5","Abies homolepis"
"6","Abrus precatorius"
"7","Abutilon grandifolium"
"8","Abutilon hirtum"
"9","Abutilon indicum"
"10","Abutilon theophrasti"
"11","Acacia auriculiformis"
"12","Acacia baileyana"
"13","Acacia confusa"
"14","Acacia cyclops"
"15","Acacia elata"
"16","Acacia longifolia"
"17","Acacia melanoxylon"
"18","Acacia paradoxa"
"19","Acacia podalyriifolia"
"20","Acacia pycnantha"
"21","Acacia redolens"
"22","Acacia retinodes"
"23","Acacia saligna"
"24","Acacia verticillata"
"25","Acaena novae-zelandiae"
"26","Acalypha alopecuroidea"
"27","Acalypha amentacea"
"28","Acalypha arvensis"
"29","Acalypha australis"
"30","Acalypha hispida"
"31","Acalypha indica"
"32","Acalypha lanceolata"
"33","Acanthospermum australe"
"34","Acanthospermum hispidum"
"35","Acanthospermum humile"
"36","Acanthus mollis"
"37","Acer campestre"
"38","Acer palmatum"
"39","Acer pseudoplatanus"
"40","Achillea ageratum"
"41","Achillea distans"
"42","Achillea filipendulina"
"43","Achillea ligustica"
"44","Achillea nobilis"
"45","Achillea ptarmica"
"46","Achnatherum capense"
"47","Achyranthes aspera"
"48","Achyranthes bidentata"
"49","Achyranthes japonica"
"50","Acicarpha tribuloides"
"51","Acmella decumbens"
"52","Acmella pilosa"
"53","Acmella pusilla"
"54","Aconitum napellus"
"55","Acorus calamus"
"56","Acrachne racemosa"
"57","Acrocomia totai"
"58","Actaea spicata"
"59","Actinidia arguta"
"60","Actinidia chinensis"
"61","Actinidia polygama"
"62","Adenanthera pavonina"
"63","Adiantum caudatum"
"64","Adiantum hispidulum"
"65","Adiantum trapeziforme"
"66","Adonis annua"
"67","Adonis vernalis"
"68","Aegilops crassa"
"69","Aegilops cylindrica"
"70","Aegilops geniculata"
"71","Aegilops neglecta"
"72","Aegilops tauschii"
"73","Aegilops triuncialis"
"74","Aeluropus littoralis"
"75","Aeonium arboreum"
"76","Aeonium haworthii"
"77","Aeschynomene evenia"
"78","Aeschynomene histrix"
"79","Aesculus hippocastanum"
"80","Aethusa cynapium"
"81","Agapanthus praecox"
"82","Agave desmettiana"
"83","Agave weberi"
"84","Agdestis clematidea"
"85","Ageratina adenophora"
"86","Ageratum conyzoides"
"87","Ageratum houstonianum"
"88","Aglaonema commutatum"
"89","Agrimonia eupatoria"
"90","Agropyron cristatum"
"91","Agropyron desertorum"
"92","Agropyron fragile"
"93","Agrostemma brachyloba"
"94","Agrostemma githago"
"95","Agrostis capillaris"
"96","Agrostis castellana"
"97","Agrostis gigantea"
"98","Agrostis stolonifera"
"99","Ailanthus altissima"
"100","Aira caryophyllea"
"101","Aira praecox"
"102","Ajuga chamaepitys"
"103","Ajuga genevensis"
"104","Ajuga reptans"
"105","Akebia quinata"
"106","Albizia julibrissin"
"107","Albizia lebbeck"
"108","Albizia lebbekoides"
"109","Albizia procera"
"110","Alcea rosea"
"111","Alchemilla monticola"
"112","Alchemilla subcrenata"
"113","Aleurites moluccanus"
"114","Alhagi maurorum"
"115","Alisma lanceolatum"
"116","Alisma plantago-aquatica"
"117","Allamanda cathartica"
"118","Alliaria petiolata"
"119","Allium fistulosum"
"120","Allium neapolitanum"
"121","Allium nigrum"
"122","Allium oleraceum"
"123","Allium paniculatum"
"124","Allium sativum"
"125","Allium triquetrum"
"126","Allium tuberosum"
"127","Alloteropsis cimicina"
"128","Alnus cordata"
"129","Alnus glutinosa"
"130","Alocasia cucullata"
"131","Alocasia macrorrhizos"
"132","Aloe arborescens"
"133","Aloe vera"
"134","Alopecurus arundinaceus"
"135","Alopecurus geniculatus"
"136","Alopecurus myosuroides"
"137","Alopecurus pratensis"
"138","Alopecurus rendlei"
"139","Alpinia purpurata"
"140","Alpinia zerumbet"
"141","Alstonia macrophylla"
"142","Alstroemeria haemantha"
"143","Alstroemeria pulchella"
"144","Alternanthera brasiliana"
"145","Alternanthera caracasana"
"146","Alternanthera ficoidea"
"147","Alternanthera philoxeroides"
"148","Alternanthera pungens"
"149","Alternanthera sessilis"
"150","Althaea cannabina"
"151","Althaea hirsuta"
"152","Althaea officinalis"
"153","Alysicarpus ovalifolius"
"154","Alysicarpus rugosus"
"155","Alysicarpus vaginalis"
"156","Alyssum alyssoides"
"157","Alyssum corsicum"
"158","Alyssum desertorum"
"159","Alyssum murale"
"160","Alyssum simplex"
"161","Alyssum szovitsianum"
"162","Amaranthus albus"
"163","Amaranthus blitoides"
"164","Amaranthus blitum"
"165","Amaranthus caudatus"
"166","Amaranthus crispus"
"167","Amaranthus cruentus"
"168","Amaranthus deflexus"
"169","Amaranthus dubius"
"170","Amaranthus graecizans"
"171","Amaranthus hypochondriacus"
"172","Amaranthus muricatus"
"173","Amaranthus thunbergii"
"174","Amaranthus tricolor"
"175","Amaryllis belladonna"
"176","Amberboa moschata"
"177","Ambrosia tenuifolia"
"178","Ammannia baccifera"
"179","Ammi majus"
"180","Ammi visnaga"
"181","Ammophila arenaria"
"182","Ampelodesmos mauritanicus"
"183","Ampelopsis aconitifolia"
"184","Ampelopsis brevipedunculata"
"185","Amphibromus neesii"
"186","Amphibromus scabrivalvis"
"187","Anacardium occidentale"
"188","Anacyclus clavatus"
"189","Anagallis monelli"
"190","Ananas comosus"
"191","Anchusa arvensis"
"192","Anchusa azurea"
"193","Anchusa capensis"
"194","Anchusa officinalis"
"195","Andrographis echioides"
"196","Andrographis paniculata"
"197","Andropogon bicornis"
"198","Androsace maxima"
"199","Anemone blanda"
"200","Anemone nemorosa"
"201","Anethum graveolens"
"202","Angelonia angustifolia"
"203","Anisodontea capensis"
"204","Annona cherimola"
"205","Annona muricata"
"206","Anredera cordifolia"
"207","Anthemis altissima"
"208","Anthemis austriaca"
"209","Anthemis cotula"
"210","Anthemis secundiramea"
"211","Anthephora hermaphrodita"
"212","Anthoxanthum aristatum"
"213","Anthoxanthum odoratum"
"214","Anthriscus caucalis"
"215","Anthriscus cerefolium"
"216","Anthriscus sylvestris"
"217","Anthurium andraeanum"
"218","Anthyllis vulneraria"
"219","Antidesma bunius"
"220","Antigonon leptopus"
"221","Antirrhinum majus"
"222","Apera interrupta"
"223","Apera spica-venti"
"224","Aphanes arvensis"
"225","Aphanes microcarpa"
"226","Apium graveolens"
"227","Apium nodiflorum"
"228","Apium prostratum"
"229","Apium repens"
"230","Apluda mutica"
"231","Aponogeton distachyos"
"232","Aptenia cordifolia"
"233","Aquilegia vulgaris"
"234","Arabidopsis thaliana"
"235","Arabis procurrens"
"236","Arachis glabrata"
"237","Arachis hypogaea"
"238","Arachniodes simplicior"
"239","Aralia chinensis"
"240","Aralia elata"
"241","Araucaria heterophylla"
"242","Araujia sericifera"
"243","Arbutus unedo"
"244","Arctium lappa"
"245","Arctium minus"
"246","Arctium tomentosum"
"247","Arctotheca calendula"
"248","Arctotis stoechadifolia"
"249","Ardisia crenata"
"250","Ardisia elliptica"
"251","Ardisia humilis"
"252","Ardisia solanacea"
"253","Areca catechu"
"254","Arenaria serpyllifolia"
"255","Arenga pinnata"
"256","Argyranthemum foeniculum"
"257","Argyranthemum frutescens"
"258","Argyreia nervosa"
"259","Aristolochia clematitis"
"260","Aristolochia elegans"
"261","Aristolochia grandiflora"
"262","Aristolochia labiata"
"263","Aristolochia maxima"
"264","Aristolochia ringens"
"265","Aristotelia chilensis"
"266","Armoracia rusticana"
"267","Arnoseris minima"
"268","Arrhenatherum elatius"
"269","Artemisia abrotanum"
"270","Artemisia annua"
"271","Artemisia gmelinii"
"272","Artemisia ludoviciana"
"273","Artemisia pontica"
"274","Artemisia scoparia"
"275","Artemisia stelleriana"
"276","Artemisia umbelliformis"
"277","Artemisia vulgaris"
"278","Arthraxon hispidus"
"279","Artocarpus altilis"
"280","Artocarpus heterophyllus"
"281","Arum italicum"
"282","Arundo donax"
"283","Asparagus aethiopicus"
"284","Asparagus asparagoides"
"285","Asparagus setaceus"
"286","Asperugo procumbens"
"287","Asperula arvensis"
"288","Asperula orientalis"
"289","Asphodelus fistulosus"
"290","Aster tataricus"
"291","Astilbe japonica"
"292","Astragalus chinensis"
"293","Astragalus cicer"
"294","Astragalus contortuplicatus"
"295","Astragalus falcatus"
"296","Astragalus glycyphyllos"
"297","Astragalus hamosus"
"298","Astragalus tibetanus"
"299","Asystasia gangetica"
"300","Atriplex amnicola"
"301","Atriplex holocarpa"
"302","Atriplex hortensis"
"303","Atriplex laciniata"
"304","Atriplex lampa"
"305","Atriplex lindleyi"
"306","Atriplex micrantha"
"307","Atriplex muelleri"
"308","Atriplex nummularia"
"309","Atriplex oblongifolia"
"310","Atriplex rosea"
"311","Atriplex semibaccata"
"312","Atriplex sibirica"
"313","Atriplex suberecta"
"314","Atriplex tatarica"
"315","Atriplex undulata"
"316","Atriplex vesicaria"
"317","Atropa bella-donna"
"318","Aubrieta deltoidea"
"319","Aucuba japonica"
"320","Aurinia petraea"
"321","Aurinia saxatilis"
"322","Avena barbata"
"323","Avena fatua"
"324","Avena occidentalis"
"325","Avena sativa"
"326","Avena sterilis"
"327","Avena strigosa"
"328","Avenula pubescens"
"329","Averrhoa bilimbi"
"330","Averrhoa carambola"
"331","Avicennia marina"
"332","Axyris amaranthoides"
"333","Ayenia insulicola"
"334","Azolla pinnata"
"335","Bacopa egensis"
"336","Bahia schaffneri"
"337","Baldellia ranunculoides"
"338","Ballota nigra"
"339","Bambusa blumeana"
"340","Bambusa multiplex"
"341","Bambusa vulgaris"
"342","Barbarea verna"
"343","Barbarea vulgaris"
"344","Barleria cristata"
"345","Barleria lupulina"
"346","Basella alba"
"347","Bassia hirsuta"
"348","Bassia hyssopifolia"
"349","Bauhinia galpinii"
"350","Bauhinia monandra"
"351","Bauhinia purpurea"
"352","Bauhinia variegata"
"353","Bauhinia yunnanensis"
"354","Begonia cucullata"
"355","Begonia hirtella"
"356","Bellardia trixago"
"357","Bellis perennis"
"358","Benincasa hispida"
"359","Berberis darwinii"
"360","Berberis julianae"
"361","Berberis sargentiana"
"362","Berberis vulgaris"
"363","Berkheya heterophylla"
"364","Berteroa incana"
"365","Berteroa mutabilis"
"366","Beta procumbens"
"367","Beta vulgaris"
"368","Betula pendula"
"369","Betula platyphylla"
"370","Betula pubescens"
"371","Bidens pilosa"
"372","Bifora radians"
"373","Billbergia pyramidalis"
"374","Bischofia javanica"
"375","Bituminaria bituminosa"
"376","Bixa orellana"
"377","Bletilla striata"
"378","Blumea viscosa"
"379","Blyxa aubertii"
"380","Boehmeria nivea"
"381","Bolboschoenus glaucus"
"382","Borago officinalis"
"383","Bothriochloa bladhii"
"384","Bothriochloa ischaemum"
"385","Bothriochloa pertusa"
"386","Bougainvillea glabra"
"387","Bougainvillea spectabilis"
"388","Bouteloua dimorpha"
"389","Brachychiton populneum"
"390","Brachypodium distachyon"
"391","Brachypodium phoenicoides"
"392","Brachypodium pinnatum"
"393","Brachypodium rupestre"
"394","Brachypodium sylvaticum"
"395","Brasiliopuntia brasiliensis"
"396","Brassica elongata"
"397","Brassica fruticulosa"
"398","Brassica juncea"
"399","Brassica napus"
"400","Brassica nigra"
"401","Brassica oleracea"
"402","Brassica rapa"
"403","Breynia disticha"
"404","Briza maxima"
"405","Briza media"
"406","Briza minor"
"407","Bromelia pinguin"
"408","Bromidium tandilense"
"409","Bromus alopecuros"
"410","Bromus arenarius"
"411","Bromus arvensis"
"412","Bromus berteroanus"
"413","Bromus briziformis"
"414","Bromus catharticus"
"415","Bromus diandrus"
"416","Bromus erectus"
"417","Bromus hordeaceus"
"418","Bromus lanceolatus"
"419","Bromus lepidus"
"420","Bromus madritensis"
"421","Bromus racemosus"
"422","Bromus ramosus"
"423","Bromus rubens"
"424","Bromus scoparius"
"425","Bromus secalinus"
"426","Bromus squarrosus"
"427","Bromus sterilis"
"428","Bromus tectorum"
"429","Brosimum alicastrum"
"430","Broussonetia papyrifera"
"431","Browallia americana"
"432","Brugmansia suaveolens"
"433","Brugmansia versicolor"
"434","Bruguiera gymnorhiza"
"435","Brunnera macrophylla"
"436","Bryonia alba"
"437","Bryonia cretica"
"438","Buddleja alternifolia"
"439","Buddleja davidii"
"440","Buddleja lindleyana"
"441","Buddleja madagascariensis"
"442","Buddleja officinalis"
"443","Buddleja saligna"
"444","Buglossoides arvensis"
"445","Bulbostylis barbata"
"446","Bulbostylis hirta"
"447","Bunias erucago"
"448","Bunias orientalis"
"449","Bupleurum lancifolium"
"450","Bupleurum odontites"
"451","Bupleurum rotundifolium"
"452","Butia capitata"
"453","Butomus umbellatus"
"454","Buxus sempervirens"
"455","Cabomba palaeformis"
"456","Caesalpinia pulcherrima"
"457","Cajanus cajan"
"458","Cajanus scarabaeoides"
"459","Cakile maritima"
"460","Caladium bicolor"
"461","Calamagrostis epigeios"
"462","Calendula arvensis"
"463","Calepina irregularis"
"464","Calibrachoa parviflora"
"465","Calliandra haematocephala"
"466","Callicarpa dichotoma"
"467","Callicarpa japonica"
"468","Callisia fragrans"
"469","Callisia repens"
"470","Callistemon citrinus"
"471","Callistephus chinensis"
"472","Callitriche stagnalis"
"473","Callitris glaucophylla"
"474","Calluna vulgaris"
"475","Calopogonium mucunoides"
"476","Calotis cuneifolia"
"477","Calotropis gigantea"
"478","Calotropis procera"
"479","Calycera balsamitifolia"
"480","Calyptocarpus vialis"
"481","Calystegia hederacea"
"482","Camelina rumelica"
"483","Camelina sativa"
"484","Camellia japonica"
"485","Camellia sasanqua"
"486","Camellia sinensis"
"487","Campanula bononiensis"
"488","Campanula carpatica"
"489","Campanula glomerata"
"490","Campanula lanata"
"491","Campanula latifolia"
"492","Campanula medium"
"493","Campanula patula"
"494","Campanula persicifolia"
"495","Campanula punctata"
"496","Campanula trachelium"
"497","Cananga odorata"
"498","Canarium indicum"
"499","Canavalia ensiformis"
"500","Canna indica"
"501","Cannabis sativa"
"502","Caperonia castaneifolia"
"503","Caperonia palustris"
"504","Capsella bursa-pastoris"
"505","Caragana arborescens"
"506","Caragana aurantiaca"
"507","Caragana frutex"
"508","Cardamine bulbifera"
"509","Cardamine flexuosa"
"510","Cardamine hirsuta"
"511","Cardamine impatiens"
"512","Cardiospermum corindum"
"513","Cardiospermum halicacabum"
"514","Carduus acanthoides"
"515","Carduus crispus"
"516","Carduus nutans"
"517","Carduus pycnocephalus"
"518","Carduus tenuiflorus"
"519","Carex acutiformis"
"520","Carex brunnea"
"521","Carex caryophyllea"
"522","Carex diluta"
"523","Carex distans"
"524","Carex distenta"
"525","Carex divisa"
"526","Carex divulsa"
"527","Carex extensa"
"528","Carex flacca"
"529","Carex hirta"
"530","Carex kobomugi"
"531","Carex muricata"
"532","Carex pendula"
"533","Carex pumila"
"534","Carex spicata"
"535","Carex sylvatica"
"536","Carica papaya"
"537","Carissa carandas"
"538","Carissa macrocarpa"
"539","Carlina vulgaris"
"540","Carpinus betulus"
"541","Carpobrotus chilensis"
"542","Carpobrotus edulis"
"543","Carthamus lanatus"
"544","Carthamus leucocaulos"
"545","Carthamus oxyacanthus"
"546","Carthamus tinctorius"
"547","Carum carvi"
"548","Caryota mitis"
"549","Caryota urens"
"550","Casearia nitida"
"551","Cassia afrofistula"
"552","Cassia fistula"
"553","Cassia javanica"
"554","Castanea crenata"
"555","Castanea mollissima"
"556","Castanea sativa"
"557","Casuarina cunninghamiana"
"558","Casuarina equisetifolia"
"559","Casuarina glauca"
"560","Catalpa ovata"
"561","Catananche caerulea"
"562","Catapodium rigidum"
"563","Catharanthus roseus"
"564","Caucalis platycarpos"
"565","Caulerpa taxifolia"
"566","Cayratia japonica"
"567","Cedronella canariensis"
"568","Cedrus deodara"
"569","Ceiba pentandra"
"570","Celastrus orbiculatus"
"571","Celosia argentea"
"572","Celosia trigyna"
"573","Celtis australis"
"574","Celtis sinensis"
"575","Cenchrus biflorus"
"576","Cenchrus palmeri"
"577","Cenchrus setiger"
"578","Centaurea aspera"
"579","Centaurea babylonica"
"580","Centaurea bovina"
"581","Centaurea calcitrapa"
"582","Centaurea calcitrapoides"
"583","Centaurea cineraria"
"584","Centaurea cyanus"
"585","Centaurea depressa"
"586","Centaurea diffusa"
"587","Centaurea diluta"
"588","Centaurea eriophora"
"589","Centaurea iberica"
"590","Centaurea jacea"
"591","Centaurea macrocephala"
"592","Centaurea melitensis"
"593","Centaurea nigra"
"594","Centaurea nigrescens"
"595","Centaurea paniculata"
"596","Centaurea phrygia"
"597","Centaurea solstitialis"
"598","Centaurea stoebe"
"599","Centaurea sulphurea"
"600","Centaurea trichocephala"
"601","Centaurea virgata"
"602","Centaurium erythraea"
"603","Centaurium tenuiflorum"
"604","Centella asiatica"
"605","Centipeda minima"
"606","Centranthus ruber"
"607","Centratherum punctatum"
"608","Centrosema molle"
"609","Centrosema sagittatum"
"610","Cephalaria gigantea"
"611","Cephalaria syriaca"
"612","Cerastium dichotomum"
"613","Cerastium diffusum"
"614","Cerastium dubium"
"615","Cerastium fontanum"
"616","Cerastium glomeratum"
"617","Cerastium gracile"
"618","Cerastium pumilum"
"619","Cerastium semidecandrum"
"620","Cerastium tomentosum"
"621","Ceratonia siliqua"
"622","Ceratostigma plumbaginoides"
"623","Ceratotheca triloba"
"624","Cercidiphyllum japonicum"
"625","Cestrum fasciculatum"
"626","Cestrum nocturnum"
"627","Cestrum parqui"
"628","Chaenomeles japonica"
"629","Chaenomeles speciosa"
"630","Chaenorhinum minus"
"631","Chaerophyllum bulbosum"
"632","Chaerophyllum temulum"
"633","Chaiturus marrubiastrum"
"634","Chamaecrista absus"
"635","Chamaecrista mimosoides"
"636","Chamaecrista pilosa"
"637","Chamaecytisus prolifera"
"638","Chamaedorea seifrizii"
"639","Chamaemelum fuscatum"
"640","Chamaemelum nobile"
"641","Chasmanthe floribunda"
"642","Cheilanthes notholaenoides"
"643","Chelidonium majus"
"644","Chenopodium bonus-henricus"
"645","Chenopodium carnosulum"
"646","Chenopodium ficifolium"
"647","Chenopodium foliosum"
"648","Chenopodium glaucum"
"649","Chenopodium hircinum"
"650","Chenopodium murale"
"651","Chenopodium opulifolium"
"652","Chenopodium polyspermum"
"653","Chenopodium vulvaria"
"654","Chionodoxa luciliae"
"655","Chloris barbata"
"656","Chloris divaricata"
"657","Chloris elata"
"658","Chloris gayana"
"659","Chloris radiata"
"660","Chloris truncata"
"661","Chloris ventricosa"
"662","Chlorophytum capense"
"663","Chlorophytum comosum"
"664","Chondrilla juncea"
"665","Chorispora tenella"
"666","Chrozophora tinctoria"
"667","Chrysophyllum cainito"
"668","Chrysopogon aciculatus"
"669","Chrysopogon fulvus"
"670","Cicer arietinum"
"671","Cichorium endivia"
"672","Cinchona calisaya"
"673","Cinchona pubescens"
"674","Cinnamomum camphora"
"675","Cinnamomum verum"
"676","Cirsium arvense"
"677","Cirsium canum"
"678","Cirsium palustre"
"679","Cirsium pyrenaicum"
"680","Cirsium scabrum"
"681","Cirsium vulgare"
"682","Cissus antarctica"
"683","Cistus incanus"
"684","Cistus ladanifer"
"685","Cistus monspeliensis"
"686","Cistus salviifolius"
"687","Citrullus colocynthis"
"688","Citrullus lanatus"
"689","Citrus macroptera"
"690","Citrus maxima"
"691","Citrus medica"
"692","Citrus reticulata"
"693","Cladoraphis cyperoides"
"694","Clematis florida"
"695","Clematis orientalis"
"696","Clematis recta"
"697","Clematis terniflora"
"698","Clematis vitalba"
"699","Clematis viticella"
"700","Cleome ornithopodioides"
"701","Cleome rutidosperma"
"702","Clerodendrum bungei"
"703","Clerodendrum chinense"
"704","Clerodendrum glabrum"
"705","Clerodendrum indicum"
"706","Clerodendrum japonicum"
"707","Clerodendrum lindleyi"
"708","Clerodendrum quadriloculare"
"709","Clerodendrum speciosissimum"
"710","Clerodendrum thomsoniae"
"711","Clerodendrum trichotomum"
"712","Clerodendrum umbellatum"
"713","Cleyera japonica"
"714","Clinopodium gracile"
"715","Clitoria laurifolia"
"716","Clitoria ternatea"
"717","Cnidium monnieri"
"718","Coccinia grandis"
"719","Cocculus laurifolius"
"720","Cocos nucifera"
"721","Codiaeum variegatum"
"722","Coffea arabica"
"723","Coffea canephora"
"724","Coffea liberica"
"725","Coincya monensis"
"726","Coix lacryma-jobi"
"727","Cojoba graciliflora"
"728","Colchicum autumnale"
"729","Colocasia esculenta"
"730","Colubrina asiatica"
"731","Colutea arborescens"
"732","Commelina benghalensis"
"733","Commelina caroliniana"
"734","Commelina coelestis"
"735","Commelina communis"
"736","Commelina forskaolii"
"737","Commelina nigritana"
"738","Conicosia pugioniformis"
"739","Conium maculatum"
"740","Conringia orientalis"
"741","Consolida ajacis"
"742","Consolida orientalis"
"743","Consolida pubescens"
"744","Consolida regalis"
"745","Consolida tenuissima"
"746","Convallaria majalis"
"747","Convolvulus althaeoides"
"748","Convolvulus arvensis"
"749","Convolvulus pilosellifolius"
"750","Convolvulus tricolor"
"751","Convolvulus wallichianus"
"752","Conyza bonariensis"
"753","Conyza floribunda"
"754","Conyza laevigata"
"755","Coprosma repens"
"756","Corchorus aestuans"
"757","Corchorus hirsutus"
"758","Corchorus tridens"
"759","Cordia dichotoma"
"760","Cordia myxa"
"761","Cordia sebestena"
"762","Cordyline australis"
"763","Cordyline fruticosa"
"764","Coriandrum sativum"
"765","Corispermum hyssopifolium"
"766","Corispermum pallasii"
"767","Cornus kousa"
"768","Cornus mas"
"769","Cornus sanguinea"
"770","Coronilla scorpioides"
"771","Coronilla valentina"
"772","Corrigiola litoralis"
"773","Cortaderia jubata"
"774","Cortaderia selloana"
"775","Corydalis solida"
"776","Corylus avellana"
"777","Corylus heterophylla"
"778","Corymbia citriodora"
"779","Corynephorus canescens"
"780","Cosmos bipinnatus"
"781","Cosmos sulphureus"
"782","Cotinus coggygria"
"783","Cotoneaster acuminatus"
"784","Cotoneaster acutifolius"
"785","Cotoneaster adpressus"
"786","Cotoneaster apiculatus"
"787","Cotoneaster bullatus"
"788","Cotoneaster dielsianus"
"789","Cotoneaster divaricatus"
"790","Cotoneaster franchetii"
"791","Cotoneaster lacteus"
"792","Cotoneaster lucidus"
"793","Cotoneaster multiflorus"
"794","Cotoneaster nitens"
"795","Cotoneaster pannosus"
"796","Cotoneaster simonsii"
"797","Cotula australis"
"798","Cotula coronopifolia"
"799","Cotula mexicana"
"800","Cotyledon orbiculata"
"801","Crambe maritima"
"802","Crassocephalum crepidioides"
"803","Crassula multicava"
"804","Crassula tillaea"
"805","Crataegus laevigata"
"806","Crataegus monogyna"
"807","Crepis biennis"
"808","Crepis bursifolia"
"809","Crepis capillaris"
"810","Crepis nicaeensis"
"811","Crepis pannonica"
"812","Crepis pulchra"
"813","Crepis rubra"
"814","Crepis setosa"
"815","Crepis tectorum"
"816","Crepis zacintha"
"817","Crinum asiaticum"
"818","Crinum bulbispermum"
"819","Crinum zeylanicum"
"820","Crocus angustifolius"
"821","Crocus flavus"
"822","Crocus imperati"
"823","Crocus sieberi"
"824","Crotalaria biflora"
"825","Crotalaria brevidens"
"826","Crotalaria incana"
"827","Crotalaria juncea"
"828","Crotalaria ochroleuca"
"829","Crotalaria pallida"
"830","Crotalaria retusa"
"831","Crotalaria spectabilis"
"832","Crotalaria trichotoma"
"833","Crotalaria verrucosa"
"834","Crotalaria virgulata"
"835","Croton argenteus"
"836","Croton bonplandianus"
"837","Croton trinitatis"
"838","Crucianella angustifolia"
"839","Cruciata laevipes"
"840","Cruciata pedemontana"
"841","Crupina vulgaris"
"842","Crypsis alopecuroides"
"843","Crypsis schoenoides"
"844","Crypsis vaginiflora"
"845","Cryptocoryne beckettii"
"846","Cryptocoryne wendtii"
"847","Cryptomeria japonica"
"848","Cryptostegia grandiflora"
"849","Cryptostegia madagascariensis"
"850","Ctenolepis cerasiformis"
"851","Cucumis anguria"
"852","Cucumis dipsaceus"
"853","Cucumis metuliferus"
"854","Cucumis myriocarpus"
"855","Cucumis sativus"
"856","Cucurbita ficifolia"
"857","Cucurbita maxima"
"858","Cucurbita moschata"
"859","Cullen americanum"
"860","Cullen corylifolia"
"861","Cuminum cyminum"
"862","Cunninghamia lanceolata"
"863","Cupaniopsis anacardioides"
"864","Cuphea carthagenensis"
"865","Cuphea glutinosa"
"866","Cuphea procumbens"
"867","Curcuma australasica"
"868","Curcuma zedoaria"
"869","Cuscuta approximata"
"870","Cuscuta cassytoides"
"871","Cuscuta epilinum"
"872","Cuscuta epithymum"
"873","Cuscuta europaea"
"874","Cuscuta japonica"
"875","Cuscuta reflexa"
"876","Cuscuta suaveolens"
"877","Cutandia memphitica"
"878","Cyanthillium cinereum"
"879","Cyathea cooperi"
"880","Cycas circinalis"
"881","Cycas revoluta"
"882","Cyclospermum leptophyllum"
"883","Cydista aequinoctialis"
"884","Cydonia oblonga"
"885","Cymbalaria muralis"
"886","Cymbopogon citratus"
"887","Cymbopogon nardus"
"888","Cymbopogon refractus"
"889","Cymophora accedens"
"890","Cynara cardunculus"
"891","Cynara scolymus"
"892","Cynodon aethiopicus"
"893","Cynodon dactylon"
"894","Cynodon maritimus"
"895","Cynodon nlemfuensis"
"896","Cynodon plectostachyus"
"897","Cynodon transvaalensis"
"898","Cynoglossum amabile"
"899","Cynoglossum microglochin"
"900","Cynoglossum officinale"
"901","Cynosurus cristatus"
"902","Cynosurus echinatus"
"903","Cyperus alopecuroides"
"904","Cyperus amuricus"
"905","Cyperus compactus"
"906","Cyperus difformis"
"907","Cyperus entrerianus"
"908","Cyperus fuscus"
"909","Cyperus gracilis"
"910","Cyperus hyalinus"
"911","Cyperus involucratus"
"912","Cyperus iria"
"913","Cyperus owanii"
"914","Cyperus papyrus"
"915","Cyperus phaeolepis"
"916","Cyperus pilosus"
"917","Cyperus prolifer"
"918","Cyperus prolixus"
"919","Cyperus pumilus"
"920","Cyperus rotundus"
"921","Cyperus sanguinolentus"
"922","Cyperus serotinus"
"923","Cyperus unioloides"
"924","Cypselea humifusa"
"925","Cyrtomium falcatum"
"926","Cyrtomium fortunei"
"927","Cyrtopodium polyphyllum"
"928","Cyrtosperma merkusii"
"929","Cytisus multiflorus"
"930","Cytisus scoparius"
"931","Cytisus striatus"
"932","Cytisus villosus"
"933","Dactylis glomerata"
"934","Dactyloctenium aegyptium"
"935","Dactyloctenium radulans"
"936","Dahlia pinnata"
"937","Dalbergia sissoo"
"938","Danthonia decumbens"
"939","Daphne cneorum"
"940","Daphne laureola"
"941","Daphne mezereum"
"942","Dasypyrum villosum"
"943","Datura inoxia"
"944","Datura stramonium"
"945","Delairea odorata"
"946","Delonix regia"
"947","Delosperma litorale"
"948","Delphinium elatum"
"949","Delphinium grandiflorum"
"950","Dentella repens"
"951","Deparia petersenii"
"952","Descurainia sophia"
"953","Desmanthus pernambucanus"
"954","Desmodium gangeticum"
"955","Desmodium glabrum"
"956","Desmodium incanum"
"957","Desmodium intortum"
"958","Desmodium sandwicense"
"959","Desmodium scorpiurus"
"960","Desmodium styracifolium"
"961","Desmodium triflorum"
"962","Deutzia gracilis"
"963","Deutzia parviflora"
"964","Deutzia scabra"
"965","Dianthus armeria"
"966","Dianthus barbatus"
"967","Dianthus carthusianorum"
"968","Dianthus caryophyllus"
"969","Dianthus deltoides"
"970","Dianthus plumarius"
"971","Dianthus sylvestris"
"972","Dichanthium annulatum"
"973","Dichanthium aristatum"
"974","Dichanthium sericeum"
"975","Dichondra micrantha"
"976","Dichrostachys cinerea"
"977","Dictamnus albus"
"978","Dieffenbachia seguine"
"979","Digera muricata"
"980","Digitalis grandiflora"
"981","Digitalis lanata"
"982","Digitalis lutea"
"983","Digitaria aequiglumis"
"984","Digitaria eriantha"
"985","Digitaria fuscescens"
"986","Digitaria horizontalis"
"987","Digitaria ischaemum"
"988","Digitaria milanjiana"
"989","Digitaria radicosa"
"990","Digitaria sanguinalis"
"991","Digitaria setigera"
"992","Digitaria velutina"
"993","Digitaria violascens"
"994","Dimocarpus longan"
"995","Dimorphotheca sinuata"
"996","Dinebra retroflexa"
"997","Dioscorea alata"
"998","Dioscorea bulbifera"
"999","Dioscorea nummularia"
"1000","Dioscorea oppositifolia"
"1001","Dioscorea pentaphylla"
"1002","Dioscorea sansibarensis"
"1003","Diospyros blancoi"
"1004","Diospyros digyna"
"1005","Diospyros ebenum"
"1006","Diospyros maritima"
"1007","Diplazium esculentum"
"1008","Diplotaxis erucoides"
"1009","Diplotaxis muralis"
"1010","Diplotaxis siifolia"
"1011","Diplotaxis tenuifolia"
"1012","Dipogon lignosus"
"1013","Dipsacus fullonum"
"1014","Dipsacus laciniatus"
"1015","Dittrichia graveolens"
"1016","Dittrichia viscosa"
"1017","Dopatrium junceum"
"1018","Doronicum pardalianches"
"1019","Doronicum plantagineum"
"1020","Dorstenia contrajerva"
"1021","Draba verna"
"1022","Dracaena fragrans"
"1023","Dracocephalum moldavica"
"1024","Dracocephalum thymiflorum"
"1025","Dracunculus vulgaris"
"1026","Drosanthemum floribundum"
"1027","Drosanthemum hispidum"
"1028","Drosanthemum speciosum"
"1029","Drosera aliciae"
"1030","Drosera capensis"
"1031","Duchesnea indica"
"1032","Durio zibethinus"
"1033","Dyckia brevifolia"
"1034","Dypsis lutescens"
"1035","Dysphania ambrosioides"
"1036","Dysphania aristata"
"1037","Dysphania botrys"
"1038","Dysphania carinata"
"1039","Dysphania chilensis"
"1040","Dysphania cristata"
"1041","Dysphania multifida"
"1042","Dysphania plantaginella"
"1043","Dysphania pumilio"
"1044","Ecballium elaterium"
"1045","Echinochloa colona"
"1046","Echinochloa crus-galli"
"1047","Echinochloa esculenta"
"1048","Echinochloa frumentacea"
"1049","Echinochloa holciformis"
"1050","Echinochloa oryzoides"
"1051","Echinochloa phyllopogon"
"1052","Echinops exaltatus"
"1053","Echinops ritro"
"1054","Echinops sphaerocephalus"
"1055","Echium candicans"
"1056","Echium creticum"
"1057","Echium italicum"
"1058","Echium lusitanicum"
"1059","Echium plantagineum"
"1060","Echium vulgare"
"1061","Edgeworthia chrysantha"
"1062","Egeria densa"
"1063","Ehrharta calycina"
"1064","Ehrharta erecta"
"1065","Ehrharta longiflora"
"1066","Eichhornia azurea"
"1067","Eichhornia crassipes"
"1068","Eichhornia paniculata"
"1069","Elaeagnus angustifolia"
"1070","Elaeagnus multiflora"
"1071","Elaeagnus pungens"
"1072","Elaeagnus umbellata"
"1073","Elaeis guineensis"
"1074","Elatine ambigua"
"1075","Elatine chilensis"
"1076","Eleocharis acutangula"
"1077","Eleocharis dulcis"
"1078","Eleocharis pachycarpa"
"1079","Elephantopus mollis"
"1080","Eleusine coracana"
"1081","Eleusine indica"
"1082","Eleusine tristachya"
"1083","Elodea callitrichoides"
"1084","Elsholtzia ciliata"
"1085","Elymus caninus"
"1086","Elymus repens"
"1087","Elymus semicostatus"
"1088","Emex australis"
"1089","Emex spinosa"
"1090","Emilia coccinea"
"1091","Emilia fosbergii"
"1092","Enchylaena tomentosa"
"1093","Encyclia rufa"
"1094","Enterolobium contortisiliquum"
"1095","Enteropogon prieurii"
"1096","Ephedra altissima"
"1097","Ephedra distachya"
"1098","Epidendrum radicans"
"1099","Epilobium hirsutum"
"1100","Epilobium obscurum"
"1101","Epilobium parviflorum"
"1102","Epipactis atrorubens"
"1103","Epipactis helleborine"
"1104","Epiphyllum hookeri"
"1105","Epiphyllum oxypetalum"
"1106","Epipremnum pinnatum"
"1107","Episcia cupreata"
"1108","Episcia reptans"
"1109","Eragrostis airoides"
"1110","Eragrostis atrovirens"
"1111","Eragrostis bahiensis"
"1112","Eragrostis cilianensis"
"1113","Eragrostis ciliaris"
"1114","Eragrostis cumingii"
"1115","Eragrostis curvula"
"1116","Eragrostis cylindriflora"
"1117","Eragrostis echinochloidea"
"1118","Eragrostis elongata"
"1119","Eragrostis gangetica"
"1120","Eragrostis japonica"
"1121","Eragrostis leptostachya"
"1122","Eragrostis minor"
"1123","Eragrostis pilosa"
"1124","Eragrostis plana"
"1125","Eragrostis superba"
"1126","Eragrostis tef"
"1127","Eragrostis trichophora"
"1128","Eragrostis unioloides"
"1129","Eranthemum pulchellum"
"1130","Eranthis hyemalis"
"1131","Erechtites minimus"
"1132","Eremochloa ciliaris"
"1133","Eremochloa ophiuroides"
"1134","Eremopyrum bonaepartis"
"1135","Eremopyrum orientale"
"1136","Eremopyrum triticeum"
"1137","Erica cinerea"
"1138","Erica lusitanica"
"1139","Erica tetralix"
"1140","Erica vagans"
"1141","Erigeron bellioides"
"1142","Erigeron karvinskianus"
"1143","Eriobotrya japonica"
"1144","Eriocaulon benthamii"
"1145","Eriocaulon cinereum"
"1146","Eriochloa acuminata"
"1147","Eriochloa fatmensis"
"1148","Eriochloa villosa"
"1149","Erodium botrys"
"1150","Erodium brachycarpum"
"1151","Erodium ciconium"
"1152","Erodium cicutarium"
"1153","Erodium cygnorum"
"1154","Erodium gruinum"
"1155","Erodium laciniatum"
"1156","Erodium malacoides"
"1157","Erodium moschatum"
"1158","Eruca vesicaria"
"1159","Erucastrum gallicum"
"1160","Eryngium campestre"
"1161","Eryngium divaricatum"
"1162","Eryngium foetidum"
"1163","Eryngium maritimum"
"1164","Eryngium planum"
"1165","Erysimum cheiranthoides"
"1166","Erysimum cheiri"
"1167","Erysimum diffusum"
"1168","Erysimum hieraciifolium"
"1169","Erysimum marschallianum"
"1170","Erysimum odoratum"
"1171","Erysimum perofskianum"
"1172","Erysimum repandum"
"1173","Erythrina crista-galli"
"1174","Erythroxylum coca"
"1175","Escallonia rubra"
"1176","Etlingera elatior"
"1177","Eucalyptus camaldulensis"
"1178","Eucalyptus cladocalyx"
"1179","Eucalyptus deglupta"
"1180","Eucalyptus glaucescens"
"1181","Eucalyptus globulus"
"1182","Eucalyptus grandis"
"1183","Eucalyptus polyanthemos"
"1184","Eucalyptus pulverulenta"
"1185","Eucalyptus robusta"
"1186","Eucalyptus tereticornis"
"1187","Eucalyptus torquata"
"1188","Eucalyptus viminalis"
"1189","Euchiton gymnocephalus"
"1190","Euchiton involucratus"
"1191","Euchiton japonicus"
"1192","Euclidium syriacum"
"1193","Eugenia apiculata"
"1194","Eugenia uniflora"
"1195","Euonymus alatus"
"1196","Euonymus bungeanus"
"1197","Euonymus europaeus"
"1198","Euonymus fortunei"
"1199","Euonymus hamiltonianus"
"1200","Euonymus japonicus"
"1201","Euonymus kiautschovicus"
"1202","Euonymus phellomanus"
"1203","Eupatorium cannabinum"
"1204","Euphorbia agraria"
"1205","Euphorbia characias"
"1206","Euphorbia cyparissias"
"1207","Euphorbia davidii"
"1208","Euphorbia dendroides"
"1209","Euphorbia epithymoides"
"1210","Euphorbia esula"
"1211","Euphorbia exigua"
"1212","Euphorbia falcata"
"1213","Euphorbia graminea"
"1214","Euphorbia helioscopia"
"1215","Euphorbia lathyris"
"1216","Euphorbia lucida"
"1217","Euphorbia milii"
"1218","Euphorbia myrsinites"
"1219","Euphorbia neriifolia"
"1220","Euphorbia oblongata"
"1221","Euphorbia paralias"
"1222","Euphorbia peplus"
"1223","Euphorbia platyphyllos"
"1224","Euphorbia pulcherrima"
"1225","Euphorbia rigida"
"1226","Euphorbia segetalis"
"1227","Euphorbia serrata"
"1228","Euphorbia stricta"
"1229","Euphorbia terracina"
"1230","Euphorbia tirucalli"
"1231","Euphrasia disjuncta"
"1232","Euphrasia micrantha"
"1233","Euphrasia stricta"
"1234","Euphrasia tetraquetra"
"1235","Euryops chrysanthemoides"
"1236","Eustachys distichophylla"
"1237","Eustachys paspaloides"
"1238","Eustachys retusa"
"1239","Evolvulus convolvuloides"
"1240","Evolvulus filipes"
"1241","Evolvulus glomeratus"
"1242","Exochorda racemosa"
"1243","Facelis retusa"
"1244","Fagopyrum esculentum"
"1245","Fagopyrum tataricum"
"1246","Falcaria vulgaris"
"1247","Falcataria moluccana"
"1248","Fatoua villosa"
"1249","Festuca arvernensis"
"1250","Festuca filiformis"
"1251","Festuca ovina"
"1252","Festuca valesiaca"
"1253","Ficus altissima"
"1254","Ficus benghalensis"
"1255","Ficus benjamina"
"1256","Ficus carica"
"1257","Ficus elastica"
"1258","Ficus microcarpa"
"1259","Ficus palmata"
"1260","Ficus pumila"
"1261","Ficus religiosa"
"1262","Ficus rubiginosa"
"1263","Ficus thonningii"
"1264","Filago pyramidata"
"1265","Filago vulgaris"
"1266","Filipendula ulmaria"
"1267","Filipendula vulgaris"
"1268","Fimbristylis cymosa"
"1269","Fimbristylis littoralis"
"1270","Fimbristylis schoenoides"
"1271","Fingerhuthia africana"
"1272","Firmiana simplex"
"1273","Flacourtia indica"
"1274","Flemingia strobilifera"
"1275","Flueggea acidoton"
"1276","Foeniculum vulgare"
"1277","Fontanesia phillyreoides"
"1278","Forsythia ovata"
"1279","Forsythia suspensa"
"1280","Forsythia viridissima"
"1281","Fortunella japonica"
"1282","Frankenia pulverulenta"
"1283","Fraxinus excelsior"
"1284","Fraxinus uhdei"
"1285","Freesia corymbosa"
"1286","Freesia laxa"
"1287","Fuchsia boliviana"
"1288","Fuchsia hybrida"
"1289","Fuchsia magellanica"
"1290","Fuchsia paniculata"
"1291","Fuirena coerulescens"
"1292","Fumaria capreolata"
"1293","Fumaria occidentalis"
"1294","Fumaria parviflora"
"1295","Fumaria reuteri"
"1296","Fumaria vaillantii"
"1297","Furcraea foetida"
"1298","Gagea villosa"
"1299","Galanthus elwesii"
"1300","Galanthus nivalis"
"1301","Galega officinalis"
"1302","Galenia pubescens"
"1303","Galenia secunda"
"1304","Galeopsis ladanum"
"1305","Galeopsis tetrahit"
"1306","Galinsoga parviflora"
"1307","Galinsoga quadriradiata"
"1308","Galinsoga urticifolia"
"1309","Galium album"
"1310","Galium aristatum"
"1311","Galium glaucum"
"1312","Galium humifusum"
"1313","Galium mollugo"
"1314","Galium murale"
"1315","Galium odoratum"
"1316","Galium parisiense"
"1317","Galium rubioides"
"1318","Galium saxatile"
"1319","Galium sylvaticum"
"1320","Galium tricornutum"
"1321","Galium verrucosum"
"1322","Galium verum"
"1323","Galphimia gracilis"
"1324","Gamochaeta coarctata"
"1325","Gamochaeta simplicicaulis"
"1326","Garcinia mangostana"
"1327","Gardenia jasminoides"
"1328","Gastridium phleoides"
"1329","Gaudinia fragilis"
"1330","Gazania linearis"
"1331","Genista aetnensis"
"1332","Genista canariensis"
"1333","Genista linifolia"
"1334","Genista maderensis"
"1335","Genista monspessulana"
"1336","Genista stenopetala"
"1337","Genista tinctoria"
"1338","Gentiana cruciata"
"1339","Gentiana septemfida"
"1340","Geranium columbinum"
"1341","Geranium dissectum"
"1342","Geranium divaricatum"
"1343","Geranium homeanum"
"1344","Geranium lucidum"
"1345","Geranium molle"
"1346","Geranium palmatum"
"1347","Geranium potentilloides"
"1348","Geranium pratense"
"1349","Geranium pusillum"
"1350","Geranium pyrenaicum"
"1351","Geranium retrorsum"
"1352","Geranium rotundifolium"
"1353","Geranium sanguineum"
"1354","Geranium sibiricum"
"1355","Geranium solanderi"
"1356","Geranium versicolor"
"1357","Gerbera jamesonii"
"1358","Geum urbanum"
"1359","Gibasis pellucida"
"1360","Ginkgo biloba"
"1361","Gisekia pharnacioides"
"1362","Gladiolus communis"
"1363","Gladiolus dalenii"
"1364","Gladiolus italicus"
"1365","Gladiolus papilio"
"1366","Gladiolus tristis"
"1367","Glandularia hispida"
"1368","Glandularia peruviana"
"1369","Glandularia pulchella"
"1370","Glandularia tenera"
"1371","Glaucium corniculatum"
"1372","Glaucium flavum"
"1373","Glebionis coronarium"
"1374","Glebionis segetum"
"1375","Glechoma hederacea"
"1376","Glinus lotoides"
"1377","Gliricidia sepium"
"1378","Glochidion puberum"
"1379","Gloriosa superba"
"1380","Glossostigma cleistanthum"
"1381","Glyceria declinata"
"1382","Glyceria fluitans"
"1383","Glyceria maxima"
"1384","Glycine max"
"1385","Glycosmis parviflora"
"1386","Glycyrrhiza glabra"
"1387","Gnaphalium uliginosum"
"1388","Gomphrena globosa"
"1389","Gomphrena martiana"
"1390","Gonocarpus chinensis"
"1391","Gossypium barbadense"
"1392","Graptophyllum pictum"
"1393","Grevillea robusta"
"1394","Grewia asiatica"
"1395","Grewia biloba"
"1396","Guettarda speciosa"
"1397","Guizotia abyssinica"
"1398","Gunnera tinctoria"
"1399","Gymnadenia conopsea"
"1400","Gynura aurantiaca"
"1401","Gypsophila acutifolia"
"1402","Gypsophila cerastoides"
"1403","Gypsophila muralis"
"1404","Gypsophila oldhamiana"
"1405","Gypsophila pilosa"
"1406","Gypsophila repens"
"1407","Gypsophila scorzonerifolia"
"1408","Habranthus robustus"
"1409","Hainardia cylindrica"
"1410","Hakonechloa macra"
"1411","Halimium lasianthum"
"1412","Halimodendron halodendron"
"1413","Halogeton glomeratus"
"1414","Haloragis erecta"
"1415","Haplocarpha lyrata"
"1416","Harpullia arborea"
"1417","Hebe speciosa"
"1418","Hedera colchica"
"1419","Hedera helix"
"1420","Hedychium coronarium"
"1421","Hedypnois cretica"
"1422","Helianthemum salicifolium"
"1423","Helichrysum petiolare"
"1424","Heliconia latispatha"
"1425","Heliconia rostrata"
"1426","Heliconia wagneriana"
"1427","Heliotropium amplexicaule"
"1428","Heliotropium arborescens"
"1429","Heliotropium europaeum"
"1430","Heliotropium indicum"
"1431","Heliotropium ramosissimum"
"1432","Heliotropium supinum"
"1433","Helleborus foetidus"
"1434","Helleborus niger"
"1435","Helleborus orientalis"
"1436","Helleborus viridis"
"1437","Hemarthria altissima"
"1438","Hemerocallis lilioasphodelus"
"1439","Hemerocallis minor"
"1440","Hemigraphis alternata"
"1441","Hemigraphis reptans"
"1442","Heracleum mantegazzianum"
"1443","Heracleum sphondylium"
"1444","Hermbstaedtia odorata"
"1445","Herniaria glabra"
"1446","Herniaria hirsuta"
"1447","Herniaria incana"
"1448","Heteranthemis viscidehirta"
"1449","Hevea brasiliensis"
"1450","Hibiscus acetosella"
"1451","Hibiscus cannabinus"
"1452","Hibiscus mutabilis"
"1453","Hibiscus radiatus"
"1454","Hibiscus rosa-sinensis"
"1455","Hibiscus sabdariffa"
"1456","Hibiscus syriacus"
"1457","Hibiscus trionum"
"1458","Hieracium aurantiacum"
"1459","Hieracium caespitosum"
"1460","Hieracium glomeratum"
"1461","Hieracium lactucella"
"1462","Hieracium maculatum"
"1463","Hieracium murorum"
"1464","Hieracium piloselloides"
"1465","Hieracium sabaudum"
"1466","Hippeastrum puniceum"
"1467","Hippobroma longiflora"
"1468","Hippocrepis comosa"
"1469","Hirschfeldia incana"
"1470","Hoheria populnea"
"1471","Holcus lanatus"
"1472","Holcus mollis"
"1473","Holmskioldia sanguinea"
"1474","Holosteum umbellatum"
"1475","Hordeum bulbosum"
"1476","Hordeum marinum"
"1477","Hordeum murinum"
"1478","Hordeum vulgare"
"1479","Hosta lancifolia"
"1480","Hosta plantaginea"
"1481","Hosta ventricosa"
"1482","Houttuynia cordata"
"1483","Hovenia dulcis"
"1484","Humulus japonicus"
"1485","Hunnemannia fumariifolia"
"1486","Hyacinthoides hispanica"
"1487","Hyacinthoides non-scripta"
"1488","Hyacinthus orientalis"
"1489","Hydrangea paniculata"
"1490","Hydrilla verticillata"
"1491","Hydrocharis morsus-ranae"
"1492","Hydrocleys nymphoides"
"1493","Hydrocotyle moschata"
"1494","Hydrocotyle sibthorpioides"
"1495","Hygrophila corymbosa"
"1496","Hygrophila polysperma"
"1497","Hylocereus undatus"
"1498","Hylotelephium erythrostictum"
"1499","Hylotelephium spectabile"
"1500","Hylotelephium telephium"
"1501","Hymenocallis littoralis"
"1502","Hymenoxys anthemoides"
"1503","Hyoscyamus albus"
"1504","Hyoscyamus niger"
"1505","Hyparrhenia hirta"
"1506","Hyparrhenia rufa"
"1507","Hypecoum imberbe"
"1508","Hypecoum pendulum"
"1509","Hypericum androsaemum"
"1510","Hypericum calycinum"
"1511","Hypericum canariense"
"1512","Hypericum hookerianum"
"1513","Hypericum humifusum"
"1514","Hypericum perforatum"
"1515","Hypochaeris glabra"
"1516","Hypochaeris microcephala"
"1517","Hypochaeris radicata"
"1518","Hyptis capitata"
"1519","Hyptis pectinata"
"1520","Hyssopus officinalis"
"1521","Iberis amara"
"1522","Iberis carnosa"
"1523","Iberis gibraltarica"
"1524","Iberis sempervirens"
"1525","Iberis umbellata"
"1526","Ibicella lutea"
"1527","Ilex aquifolium"
"1528","Ilex crenata"
"1529","Ilex rotunda"
"1530","Illecebrum verticillatum"
"1531","Impatiens balfourii"
"1532","Impatiens balsamina"
"1533","Impatiens glandulifera"
"1534","Impatiens walleriana"
"1535","Imperata brasiliensis"
"1536","Imperata cylindrica"
"1537","Indigofera colutea"
"1538","Indigofera decora"
"1539","Indigofera hendecaphylla"
"1540","Indigofera hirsuta"
"1541","Indigofera kirilowii"
"1542","Indigofera parviflora"
"1543","Indigofera pilosa"
"1544","Indigofera tinctoria"
"1545","Indigofera trifoliata"
"1546","Inocarpus fagifer"
"1547","Inula britannica"
"1548","Inula helenium"
"1549","Inula salicina"
"1550","Ionopsidium acaule"
"1551","Ipomoea amnicola"
"1552","Ipomoea aquatica"
"1553","Ipomoea asarifolia"
"1554","Ipomoea batatas"
"1555","Ipomoea carnea"
"1556","Ipomoea coccinea"
"1557","Ipomoea cordifolia"
"1558","Ipomoea hederacea"
"1559","Ipomoea indica"
"1560","Ipomoea littoralis"
"1561","Ipomoea purpurea"
"1562","Ipomoea quamoclit"
"1563","Ipomoea setosa"
"1564","Ipomoea tricolor"
"1565","Ipomoea turbinata"
"1566","Ipomoea wrightii"
"1567","Iris aphylla"
"1568","Iris ensata"
"1569","Iris foetidissima"
"1570","Iris germanica"
"1571","Iris laevigata"
"1572","Iris orientalis"
"1573","Iris pallida"
"1574","Iris pseudacorus"
"1575","Iris sanguinea"
"1576","Iris sibirica"
"1577","Iris spuria"
"1578","Iris tectorum"
"1579","Iris variegata"
"1580","Isatis tinctoria"
"1581","Ischaemum rugosum"
"1582","Ischaemum timorense"
"1583","Isocarpha oppositifolia"
"1584","Isolepis hystrix"
"1585","Isolepis prolifera"
"1586","Isolepis setacea"
"1587","Iva cheiranthifolia"
"1588","Ixeris stolonifera"
"1589","Ixia campanulata"
"1590","Ixia maculata"
"1591","Ixia polystachya"
"1592","Ixora coccinea"
"1593","Ixora pavetta"
"1594","Jaborosa integrifolia"
"1595","Jacaranda mimosifolia"
"1596","Jacquemontia agrestis"
"1597","Jarava plumosa"
"1598","Jasione montana"
"1599","Jasminum dichotomum"
"1600","Jasminum fluminense"
"1601","Jasminum mesnyi"
"1602","Jasminum multiflorum"
"1603","Jasminum nitidum"
"1604","Jasminum nudiflorum"
"1605","Jasminum officinale"
"1606","Jasminum sambac"
"1607","Jatropha curcas"
"1608","Jatropha integerrima"
"1609","Jatropha multifida"
"1610","Jatropha podagrica"
"1611","Jovibarba heuffelii"
"1612","Juglans ailantifolia"
"1613","Juglans regia"
"1614","Juncus bulbosus"
"1615","Juncus capitatus"
"1616","Juncus compressus"
"1617","Juncus cyperoides"
"1618","Juncus inflexus"
"1619","Juncus maritimus"
"1620","Juncus planifolius"
"1621","Juncus subnodulosus"
"1622","Juniperus sabina"
"1623","Justicia brandegeeana"
"1624","Justicia spicigera"
"1625","Kalanchoe blossfeldiana"
"1626","Kalanchoe daigremontiana"
"1627","Kalanchoe delagoensis"
"1628","Kalanchoe fedtschenkoi"
"1629","Kalanchoe gastonis-bonnieri"
"1630","Kalanchoe integra"
"1631","Kalanchoe laciniata"
"1632","Kalanchoe pinnata"
"1633","Kalopanax septemlobus"
"1634","Kerria japonica"
"1635","Khaya senegalensis"
"1636","Kickxia elatine"
"1637","Kickxia spuria"
"1638","Knautia arvensis"
"1639","Kniphofia uvaria"
"1640","Koelreuteria elegans"
"1641","Koelreuteria paniculata"
"1642","Kolkwitzia amabilis"
"1643","Krapovickasia physaloides"
"1644","Kummerowia stipulacea"
"1645","Kummerowia striata"
"1646","Kyllinga squamulata"
"1647","Lablab purpureus"
"1648","Laburnum anagyroides"
"1649","Lactuca sativa"
"1650","Lactuca serriola"
"1651","Lactuca virosa"
"1652","Laelia rubescens"
"1653","Lagascea mollis"
"1654","Lagenaria siceraria"
"1655","Lagerstroemia indica"
"1656","Lagurus ovatus"
"1657","Lallemantia peltata"
"1658","Lamarckia aurea"
"1659","Lamium album"
"1660","Lamium purpureum"
"1661","Lampranthus coccineus"
"1662","Lampranthus multiradiatus"
"1663","Lansium domesticum"
"1664","Lantana camara"
"1665","Lantana montevidensis"
"1666","Laportea aestuans"
"1667","Lappula marginata"
"1668","Lappula squarrosa"
"1669","Lapsana communis"
"1670","Lapsanastrum apogonoides"
"1671","Larix decidua"
"1672","Larix kaempferi"
"1673","Lasiacis ruscifolia"
"1674","Lasiospermum bipinnatum"
"1675","Lathyrus angulatus"
"1676","Lathyrus aphaca"
"1677","Lathyrus cicera"
"1678","Lathyrus hirsutus"
"1679","Lathyrus inconspicuus"
"1680","Lathyrus nissolia"
"1681","Lathyrus odoratus"
"1682","Lathyrus pratensis"
"1683","Lathyrus sativus"
"1684","Lathyrus sphaericus"
"1685","Lathyrus sylvestris"
"1686","Lathyrus tingitanus"
"1687","Lathyrus tuberosus"
"1688","Launaea intybacea"
"1689","Laurus nobilis"
"1690","Lavandula angustifolia"
"1691","Lavandula stoechas"
"1692","Lavatera olbia"
"1693","Lavatera thuringiaca"
"1694","Lavatera trimestris"
"1695","Legousia speculum-veneris"
"1696","Lens culinaris"
"1697","Leonotis leonurus"
"1698","Leonotis nepetifolia"
"1699","Leontodon autumnalis"
"1700","Leontodon hispidus"
"1701","Leontodon muelleri"
"1702","Leonurus cardiaca"
"1703","Leonurus sibiricus"
"1704","Lepidium africanum"
"1705","Lepidium apetalum"
"1706","Lepidium bonariense"
"1707","Lepidium campestre"
"1708","Lepidium graminifolium"
"1709","Lepidium heterophyllum"
"1710","Lepidium hirtum"
"1711","Lepidium hyssopifolium"
"1712","Lepidium latifolium"
"1713","Lepidium perfoliatum"
"1714","Lepidium pinnatifidum"
"1715","Lepidium ruderale"
"1716","Lepidium sativum"
"1717","Lepidium schinzii"
"1718","Leptochloa chloridiformis"
"1719","Leptochloa decipiens"
"1720","Leptochloa digitata"
"1721","Leptochloa divaricatissima"
"1722","Leptospermum laevigatum"
"1723","Lepyrodiclis holosteoides"
"1724","Lespedeza bicolor"
"1725","Lespedeza cuneata"
"1726","Lespedeza cyrtobotrya"
"1727","Lespedeza daurica"
"1728","Lespedeza formosa"
"1729","Lespedeza thunbergii"
"1730","Lespedeza virgata"
"1731","Leucaena esculenta"
"1732","Leucaena leucocephala"
"1733","Leucanthemella serotina"
"1734","Leucanthemum lacustre"
"1735","Leucanthemum maximum"
"1736","Leucanthemum vulgare"
"1737","Leucojum vernum"
"1738","Levisticum officinale"
"1739","Leycesteria formosa"
"1740","Leymus arenarius"
"1741","Leymus multicaulis"
"1742","Leymus racemosus"
"1743","Libertia formosa"
"1744","Ligularia dentata"
"1745","Ligustrum amurense"
"1746","Ligustrum japonicum"
"1747","Ligustrum lucidum"
"1748","Ligustrum obtusifolium"
"1749","Ligustrum ovalifolium"
"1750","Ligustrum quihoui"
"1751","Ligustrum sinense"
"1752","Ligustrum tschonoskii"
"1753","Ligustrum vulgare"
"1754","Lilium bulbiferum"
"1755","Lilium candidum"
"1756","Lilium formosanum"
"1757","Lilium lancifolium"
"1758","Lilium longiflorum"
"1759","Lilium philippinense"
"1760","Lilium regale"
"1761","Limnobium laevigatum"
"1762","Limnophila aromatica"
"1763","Limnophila indica"
"1764","Limnophila sessiliflora"
"1765","Limonium arborescens"
"1766","Limonium leptostachyum"
"1767","Limonium otolepis"
"1768","Limonium perezii"
"1769","Limonium ramosissimum"
"1770","Limonium sinuatum"
"1771","Limonium vulgare"
"1772","Linaria aeruginea"
"1773","Linaria bipartita"
"1774","Linaria dalmatica"
"1775","Linaria genistifolia"
"1776","Linaria incarnata"
"1777","Linaria maroccana"
"1778","Linaria pinifolia"
"1779","Linaria purpurea"
"1780","Linaria repens"
"1781","Linaria reticulata"
"1782","Linaria spartea"
"1783","Linaria supina"
"1784","Linaria vulgaris"
"1785","Lindernia antipoda"
"1786","Lindernia ciliata"
"1787","Lindernia crustacea"
"1788","Lindernia diffusa"
"1789","Lindernia procumbens"
"1790","Linum bienne"
"1791","Linum catharticum"
"1792","Linum grandiflorum"
"1793","Linum perenne"
"1794","Linum trigynum"
"1795","Linum usitatissimum"
"1796","Liriope muscari"
"1797","Liriope spicata"
"1798","Litchi chinensis"
"1799","Lithospermum officinale"
"1800","Lithrea molleoides"
"1801","Livistona chinensis"
"1802","Livistona rotundifolia"
"1803","Lobelia chinensis"
"1804","Lobelia erinus"
"1805","Lobularia maritima"
"1806","Logfia arvensis"
"1807","Logfia gallica"
"1808","Logfia minima"
"1809","Lolium perenne"
"1810","Lolium persicum"
"1811","Lolium rigidum"
"1812","Lolium temulentum"
"1813","Lonchocarpus punctatus"
"1814","Lonicera caprifolium"
"1815","Lonicera etrusca"
"1816","Lonicera japonica"
"1817","Lonicera morrowii"
"1818","Lonicera periclymenum"
"1819","Lonicera pileata"
"1820","Lonicera standishii"
"1821","Lonicera tatarica"
"1822","Lonicera xylosteum"
"1823","Lotononis bainesii"
"1824","Lotus angustissimus"
"1825","Lotus corniculatus"
"1826","Lotus tenuis"
"1827","Ludwigia grandiflora"
"1828","Ludwigia longifolia"
"1829","Ludwigia peruviana"
"1830","Luffa acutangula"
"1831","Luffa aegyptiaca"
"1832","Lunaria annua"
"1833","Lunaria rediviva"
"1834","Lupinus albus"
"1835","Lupinus angustifolius"
"1836","Lupinus luteus"
"1837","Luziola peruviana"
"1838","Luziola subintegra"
"1839","Luzula campestris"
"1840","Luzula forsteri"
"1841","Luzula luzuloides"
"1842","Lycianthes asarifolia"
"1843","Lycianthes rantonnetii"
"1844","Lycium barbarum"
"1845","Lycium chinense"
"1846","Lycium ferocissimum"
"1847","Lycoris radiata"
"1848","Lycoris squamigera"
"1849","Lygodium japonicum"
"1850","Lygodium microphyllum"
"1851","Lysiloma sabicu"
"1852","Lysimachia barystachys"
"1853","Lysimachia clethroides"
"1854","Lysimachia japonica"
"1855","Lysimachia nummularia"
"1856","Lysimachia vulgaris"
"1857","Lythrum portula"
"1858","Lythrum thymifolia"
"1859","Lythrum tribracteatum"
"1860","Lythrum virgatum"
"1861","Macleaya cordata"
"1862","Macroptilium gibbosifolium"
"1863","Macroptilium lathyroides"
"1864","Macrothelypteris torresiana"
"1865","Magnolia kobus"
"1866","Magnolia stellata"
"1867","Malachra alceifolia"
"1868","Malcolmia maritima"
"1869","Malephora crocea"
"1870","Malpighia coccigera"
"1871","Malpighia emarginata"
"1872","Malus baccata"
"1873","Malus floribunda"
"1874","Malus halliana"
"1875","Malus hupehensis"
"1876","Malus prunifolia"
"1877","Malus pumila"
"1878","Malus spectabilis"
"1879","Malva alcea"
"1880","Malva neglecta"
"1881","Malva nicaeensis"
"1882","Malva parviflora"
"1883","Malva pusilla"
"1884","Malva sylvestris"
"1885","Malva verticillata"
"1886","Malvastrum coromandelianum"
"1887","Mangifera indica"
"1888","Manihot esculenta"
"1889","Manihot grahamii"
"1890","Manilkara zapota"
"1891","Mansoa alliacea"
"1892","Mansoa hymenaea"
"1893","Mantisalca salmantica"
"1894","Maranta arundinacea"
"1895","Marrubium vulgare"
"1896","Marsilea hirsuta"
"1897","Marsilea minuta"
"1898","Marsilea mutica"
"1899","Marsilea quadrifolia"
"1900","Matricaria discoidea"
"1901","Matthiola longipetala"
"1902","Maurandya barclaiana"
"1903","Maytenus boaria"
"1904","Mazus miquelii"
"1905","Mazus pumilus"
"1906","Medicago arabica"
"1907","Medicago heldreichii"
"1908","Medicago hybrida"
"1909","Medicago laciniata"
"1910","Medicago monantha"
"1911","Medicago monspeliaca"
"1912","Medicago polymorpha"
"1913","Medicago praecox"
"1914","Medicago rigidula"
"1915","Medicago sativa"
"1916","Medicago scutellata"
"1917","Medicago turbinata"
"1918","Melaleuca linariifolia"
"1919","Melaleuca quinquenervia"
"1920","Melampodium perfoliatum"
"1921","Melampodium sericeum"
"1922","Melianthus major"
"1923","Melica altissima"
"1924","Melica ciliata"
"1925","Melicoccus bijugatus"
"1926","Melilotus altissimus"
"1927","Melilotus indicus"
"1928","Melilotus officinalis"
"1929","Melilotus sulcatus"
"1930","Melinis minutiflora"
"1931","Melinis repens"
"1932","Melissa officinalis"
"1933","Melochia corchorifolia"
"1934","Mentha aquatica"
"1935","Mentha pulegium"
"1936","Mentha spicata"
"1937","Mentha suaveolens"
"1938","Mercurialis annua"
"1939","Merremia aegyptia"
"1940","Merremia tuberosa"
"1941","Mesembryanthemum crystallinum"
"1942","Mesembryanthemum nodiflorum"
"1943","Metaplexis japonica"
"1944","Metasequoia glyptostroboides"
"1945","Metroxylon sagu"
"1946","Mibora minima"
"1947","Micropsis dasycarpa"
"1948","Microstachys corniculata"
"1949","Microstegium vimineum"
"1950","Microthlaspi perfoliatum"
"1951","Mikania micrantha"
"1952","Milium vernale"
"1953","Millettia pinnata"
"1954","Mimosa diplotricha"
"1955","Mimosa pudica"
"1956","Mirabilis jalapa"
"1957","Miscanthus floridulus"
"1958","Miscanthus sacchariflorus"
"1959","Miscanthus sinensis"
"1960","Misopates orontium"
"1961","Mitracarpus hirtus"
"1962","Moehringia trinervia"
"1963","Moenchia erecta"
"1964","Molinia caerulea"
"1965","Mollugo cerviana"
"1966","Mollugo nudicaulis"
"1967","Moluccella laevis"
"1968","Momordica balsamina"
"1969","Momordica charantia"
"1970","Monochoria vaginalis"
"1971","Monstera deliciosa"
"1972","Moraea collina"
"1973","Moraea polystachya"
"1974","Morella rubra"
"1975","Moricandia arvensis"
"1976","Morinda citrifolia"
"1977","Moringa oleifera"
"1978","Morrenia odorata"
"1979","Morus alba"
"1980","Morus nigra"
"1981","Mosla dianthera"
"1982","Muehlenbeckia complexa"
"1983","Muntingia calabura"
"1984","Murdannia keisak"
"1985","Murdannia nudiflora"
"1986","Murdannia spirata"
"1987","Murraya koenigii"
"1988","Musa acuminata"
"1989","Musa textilis"
"1990","Musa troglodytarum"
"1991","Muscari armeniacum"
"1992","Muscari botryoides"
"1993","Muscari comosum"
"1994","Muscari neglectum"
"1995","Myagrum perfoliatum"
"1996","Mycelis muralis"
"1997","Myoporum laetum"
"1998","Myosotis azorica"
"1999","Myosotis discolor"
"2000","Myosotis latifolia"
"2001","Myosotis scorpioides"
"2002","Myosotis stricta"
"2003","Myosotis sylvatica"
"2004","Myosoton aquaticum"
"2005","Myriophyllum aquaticum"
"2006","Myriophyllum spicatum"
"2007","Myroxylon balsamum"
"2008","Myrrhis odorata"
"2009","Najas graminea"
"2010","Najas minor"
"2011","Najas wrightiana"
"2012","Nandina domestica"
"2013","Narcissus assoanus"
"2014","Narcissus bulbocodium"
"2015","Narcissus jonquilla"
"2016","Narcissus papyraceus"
"2017","Narcissus poeticus"
"2018","Narcissus pseudonarcissus"
"2019","Narcissus tazetta"
"2020","Nardus stricta"
"2021","Nassella chilensis"
"2022","Nassella manicata"
"2023","Nassella neesiana"
"2024","Nassella trichotoma"
"2025","Nasturtium microphyllum"
"2026","Nasturtium officinale"
"2027","Nelumbo nucifera"
"2028","Nepeta cataria"
"2029","Nepeta grandiflora"
"2030","Nepeta racemosa"
"2031","Nephelium lappaceum"
"2032","Nephrolepis cordifolia"
"2033","Nerium oleander"
"2034","Neslia paniculata"
"2035","Neurolaena lobata"
"2036","Neyraudia reynaudiana"
"2037","Nicandra physalodes"
"2038","Nicotiana acuminata"
"2039","Nicotiana alata"
"2040","Nicotiana glauca"
"2041","Nicotiana longiflora"
"2042","Nicotiana plumbaginifolia"
"2043","Nicotiana rustica"
"2044","Nicotiana suaveolens"
"2045","Nicotiana sylvestris"
"2046","Nicotiana tabacum"
"2047","Nierembergia hippomanica"
"2048","Nierembergia scoparia"
"2049","Nigella damascena"
"2050","Nigella sativa"
"2051","Nipponanthemum nipponicum"
"2052","Nomaphila stricta"
"2053","Nonea lutea"
"2054","Nonea rosea"
"2055","Nonea vesicaria"
"2056","Noronhia emarginata"
"2057","Nothoscordum borbonicum"
"2058","Nothoscordum gracile"
"2059","Nymphaea capensis"
"2060","Nymphaea jamesoniana"
"2061","Nymphaea lotus"
"2062","Nymphoides cristata"
"2063","Nymphoides indica"
"2064","Nymphoides peltata"
"2065","Ochna serrulata"
"2066","Ochroma pyramidale"
"2067","Ochrosia elliptica"
"2068","Ocimum basilicum"
"2069","Ocimum tenuiflorum"
"2070","Odontonema cuspidatum"
"2071","Oeceoclades maculata"
"2072","Oenanthe aquatica"
"2073","Oenanthe javanica"
"2074","Oenanthe pimpinelloides"
"2075","Oenothera cordata"
"2076","Oenothera glazioviana"
"2077","Oenothera mollissima"
"2078","Oenothera stricta"
"2079","Oldenlandia lancifolia"
"2080","Oldenlandia salzmannii"
"2081","Olea europaea"
"2082","Omphalodes linifolia"
"2083","Oncosiphon piluliferum"
"2084","Oncosiphon suffruticosum"
"2085","Onobrychis viciifolia"
"2086","Ononis alopecuroides"
"2087","Ononis arvensis"
"2088","Ononis repens"
"2089","Ononis spinosa"
"2090","Onopordum acanthium"
"2091","Onopordum illyricum"
"2092","Onopordum tauricum"
"2093","Ophioglossum pendulum"
"2094","Ophiopogon jaburan"
"2095","Oplismenus burmannii"
"2096","Opuntia ficus-indica"
"2097","Opuntia leucotricha"
"2098","Opuntia microdasys"
"2099","Opuntia monacantha"
"2100","Opuntia tomentosa"
"2101","Origanum majorana"
"2102","Origanum vulgare"
"2103","Ornithogalum caudatum"
"2104","Ornithogalum nutans"
"2105","Ornithogalum pyrenaicum"
"2106","Ornithogalum umbellatum"
"2107","Ornithopus compressus"
"2108","Ornithopus perpusillus"
"2109","Ornithopus pinnatus"
"2110","Ornithopus sativus"
"2111","Orobanche hederae"
"2112","Orobanche minor"
"2113","Orobanche ramosa"
"2114","Oryza rufipogon"
"2115","Oryza sativa"
"2116","Osteospermum ecklonis"
"2117","Osteospermum fruticosum"
"2118","Otholobium fruticans"
"2119","Ottelia alismoides"
"2120","Oxalis barrelieri"
"2121","Oxalis bowiei"
"2122","Oxalis debilis"
"2123","Oxalis hirta"
"2124","Oxalis incarnata"
"2125","Oxalis pes-caprae"
"2126","Oxalis purpurea"
"2127","Oxalis radicosa"
"2128","Oxyrhynchus volubilis"
"2129","Oxytropis riparia"
"2130","Pachira aquatica"
"2131","Pachyrhizus erosus"
"2132","Pachysandra terminalis"
"2133","Paederia cruddasiana"
"2134","Paederia foetida"
"2135","Paeonia lactiflora"
"2136","Paeonia officinalis"
"2137","Paliurus spina-christi"
"2138","Pancratium maritimum"
"2139","Panicum antidotale"
"2140","Panicum bergii"
"2141","Panicum bisulcatum"
"2142","Panicum coloratum"
"2143","Panicum miliaceum"
"2144","Panicum repens"
"2145","Papaver argemone"
"2146","Papaver dubium"
"2147","Papaver glaucum"
"2148","Papaver orientale"
"2149","Papaver rhoeas"
"2150","Parapholis incurva"
"2151","Parapholis strigosa"
"2152","Paraserianthes lophantha"
"2153","Parentucellia latifolia"
"2154","Parentucellia viscosa"
"2155","Parietaria judaica"
"2156","Parietaria officinalis"
"2157","Paronychia echinulata"
"2158","Paronychia franciscana"
"2159","Parthenium hysterophorus"
"2160","Parthenocissus tricuspidata"
"2161","Pascalia glauca"
"2162","Paspalum almum"
"2163","Paspalum conspersum"
"2164","Paspalum convexum"
"2165","Paspalum coryphaeum"
"2166","Paspalum dilatatum"
"2167","Paspalum fimbriatum"
"2168","Paspalum malacophyllum"
"2169","Paspalum modestum"
"2170","Paspalum nicorae"
"2171","Paspalum paniculatum"
"2172","Paspalum quadrifarium"
"2173","Paspalum racemosum"
"2174","Paspalum scrobiculatum"
"2175","Paspalum setaceum"
"2176","Paspalum urvillei"
"2177","Passiflora biflora"
"2178","Passiflora caerulea"
"2179","Passiflora coccinea"
"2180","Passiflora edulis"
"2181","Passiflora gracilis"
"2182","Passiflora laurifolia"
"2183","Passiflora manicata"
"2184","Passiflora morifolia"
"2185","Passiflora quadrangularis"
"2186","Passiflora tarminiana"
"2187","Passiflora vitifolia"
"2188","Paulownia tomentosa"
"2189","Pavonia hastata"
"2190","Peganum harmala"
"2191","Pelargonium capitatum"
"2192","Pelargonium grossularioides"
"2193","Pelargonium inodorum"
"2194","Pelargonium inquinans"
"2195","Pelargonium panduriforme"
"2196","Pelargonium peltatum"
"2197","Pelargonium quercifolium"
"2198","Pelargonium vitifolium"
"2199","Pelargonium zonale"
"2200","Peltophorum pterocarpum"
"2201","Pentaglottis sempervirens"
"2202","Pentas lanceolata"
"2203","Pentzia incana"
"2204","Peperomia amplexicaulis"
"2205","Peperomia pellucida"
"2206","Pereskia aculeata"
"2207","Pereskia grandifolia"
"2208","Perezia multiflora"
"2209","Pericallis hybrida"
"2210","Perilla frutescens"
"2211","Periploca graeca"
"2212","Persea americana"
"2213","Petasites hybridus"
"2214","Petasites japonicus"
"2215","Petrea volubilis"
"2216","Petrorhagia dubia"
"2217","Petrorhagia nanteuilii"
"2218","Petrorhagia prolifera"
"2219","Petrorhagia saxifraga"
"2220","Petroselinum crispum"
"2221","Petunia axillaris"
"2222","Petunia integrifolia"
"2223","Peucedanum ostruthium"
"2224","Peucedanum palustre"
"2225","Phalaris aquatica"
"2226","Phalaris brachystachys"
"2227","Phalaris canariensis"
"2228","Phalaris coerulescens"
"2229","Phalaris minor"
"2230","Phalaris paradoxa"
"2231","Phaseolus coccineus"
"2232","Phaseolus lunatus"
"2233","Phedimus aizoon"
"2234","Phedimus spurius"
"2235","Phellodendron amurense"
"2236","Philadelphus coronarius"
"2237","Philadelphus tomentosus"
"2238","Philodendron hederaceum"
"2239","Phleum arenarium"
"2240","Phleum paniculatum"
"2241","Phleum pratense"
"2242","Phleum subulatum"
"2243","Phlomis fruticosa"
"2244","Phlomis tuberosa"
"2245","Phoenix canariensis"
"2246","Phoenix dactylifera"
"2247","Phoenix reclinata"
"2248","Photinia glabra"
"2249","Photinia serratifolia"
"2250","Photinia villosa"
"2251","Phyla fruticosa"
"2252","Phyllanthus acidus"
"2253","Phyllanthus amarus"
"2254","Phyllanthus debilis"
"2255","Phyllanthus fraternus"
"2256","Phyllanthus tenellus"
"2257","Phyllanthus urinaria"
"2258","Phyllostachys aurea"
"2259","Phyllostachys aureosulcata"
"2260","Phyllostachys dulcis"
"2261","Phyllostachys edulis"
"2262","Phyllostachys flexuosa"
"2263","Phyllostachys nigra"
"2264","Phyllostachys rubromarginata"
"2265","Phyllostachys sulphurea"
"2266","Phyllostachys viridiglaucescens"
"2267","Phymatosorus scolopendria"
"2268","Physalis alkekengi"
"2269","Physalis minima"
"2270","Physalis peruviana"
"2271","Physalis philadelphica"
"2272","Phytolacca bogotensis"
"2273","Phytolacca heterotepala"
"2274","Picea abies"
"2275","Picris pauciflora"
"2276","Picris sprengeriana"
"2277","Pilea involucrata"
"2278","Pilea trianthemoides"
"2279","Pimenta dioica"
"2280","Pimpinella anisum"
"2281","Pimpinella major"
"2282","Pimpinella saxifraga"
"2283","Pinellia ternata"
"2284","Pinus halepensis"
"2285","Pinus mugo"
"2286","Pinus nigra"
"2287","Pinus pinaster"
"2288","Pinus pinea"
"2289","Pinus sylvestris"
"2290","Pinus thunbergii"
"2291","Pinus wallichiana"
"2292","Piper auritum"
"2293","Piper methysticum"
"2294","Piper nigrum"
"2295","Piptatherum miliaceum"
"2296","Piptochaetium stipoides"
"2297","Piriqueta racemosa"
"2298","Pistacia atlantica"
"2299","Pistacia chinensis"
"2300","Pisum fulvum"
"2301","Pisum sativum"
"2302","Pithecellobium dulce"
"2303","Pithecoctenium crucigerum"
"2304","Pittosporum crassifolium"
"2305","Pittosporum pentandrum"
"2306","Pittosporum tenuifolium"
"2307","Pittosporum tobira"
"2308","Pittosporum undulatum"
"2309","Pityrogramma calomelanos"
"2310","Plantago lanceolata"
"2311","Plantago major"
"2312","Platycladus orientalis"
"2313","Platycodon grandiflorus"
"2314","Plectranthus parviflorus"
"2315","Pleioblastus simonii"
"2316","Pluchea indica"
"2317","Plumbago auriculata"
"2318","Plumeria rubra"
"2319","Poa annua"
"2320","Poa bulbosa"
"2321","Poa chaixii"
"2322","Poa compressa"
"2323","Poa infirma"
"2324","Poa trivialis"
"2325","Podocarpus macrophyllus"
"2326","Podranea ricasoliana"
"2327","Polemonium cuspidatum"
"2328","Polianthes tuberosa"
"2329","Polycarpaea corymbosa"
"2330","Polycarpon tetraphyllum"
"2331","Polygala myrtifolia"
"2332","Polygala paniculata"
"2333","Polygala vulgaris"
"2334","Polygonum arenarium"
"2335","Polygonum argyrocoleon"
"2336","Polygonum aviculare"
"2337","Polygonum bellardii"
"2338","Polygonum lacerum"
"2339","Polygonum patulum"
"2340","Polygonum plebeium"
"2341","Polygonum polycnemoides"
"2342","Polypogon australis"
"2343","Polypogon imberbis"
"2344","Polypogon maritimus"
"2345","Polypogon monspeliensis"
"2346","Polypogon viridis"
"2347","Polyscias cumingiana"
"2348","Polyscias fruticosa"
"2349","Polyscias guilfoylei"
"2350","Polyscias scutellaria"
"2351","Polytrias indica"
"2352","Poncirus trifoliata"
"2353","Populus nigra"
"2354","Poranopsis paniculata"
"2355","Portulaca amilis"
"2356","Portulaca biloba"
"2357","Portulaca grandiflora"
"2358","Posidonia oceanica"
"2359","Potamogeton crispus"
"2360","Potentilla alba"
"2361","Potentilla anglica"
"2362","Potentilla argentea"
"2363","Potentilla collina"
"2364","Potentilla erecta"
"2365","Potentilla inclinata"
"2366","Potentilla intermedia"
"2367","Potentilla recta"
"2368","Potentilla reptans"
"2369","Pouteria campechiana"
"2370","Pouteria dominigensis"
"2371","Pouzolzia zeylanica"
"2372","Premna odorata"
"2373","Primula japonica"
"2374","Primula veris"
"2375","Proiphys amboinensis"
"2376","Prosopis farcta"
"2377","Prosopis laevigata"
"2378","Prosopis pallida"
"2379","Prosopis strombulifera"
"2380","Prunella laciniata"
"2381","Prunus armeniaca"
"2382","Prunus avium"
"2383","Prunus cerasus"
"2384","Prunus dulcis"
"2385","Prunus fruticosa"
"2386","Prunus glandulosa"
"2387","Prunus laurocerasus"
"2388","Prunus mahaleb"
"2389","Prunus padus"
"2390","Prunus persica"
"2391","Prunus serrulata"
"2392","Prunus spinosa"
"2393","Prunus subhirtella"
"2394","Prunus tomentosa"
"2395","Prunus triloba"
"2396","Psathyrostachys juncea"
"2397","Pseudabutilon stuckertii"
"2398","Pseudelephantopus spicatus"
"2399","Pseuderanthemum variabile"
"2400","Pseudognaphalium elegans"
"2401","Pseudognaphalium luteoalbum"
"2402","Pseudognaphalium roseum"
"2403","Pseudogynoxys chenopodioides"
"2404","Pseudolysimachion spurium"
"2405","Pseudosasa japonica"
"2406","Psidium cattleianum"
"2407","Psidium guajava"
"2408","Psophocarpus tetragonolobus"
"2409","Psychotria punctata"
"2410","Pteris cretica"
"2411","Pteris multifida"
"2412","Pteris tremula"
"2413","Pteris tripartita"
"2414","Pteris vittata"
"2415","Pterocarya stenoptera"
"2416","Ptychosperma elegans"
"2417","Puccinellia maritima"
"2418","Puccinellia rupestris"
"2419","Pueraria montana"
"2420","Pulicaria arabica"
"2421","Pulicaria dysenterica"
"2422","Pulicaria paludosa"
"2423","Pulmonaria saccharata"
"2424","Punica granatum"
"2425","Pyracantha angustifolia"
"2426","Pyracantha coccinea"
"2427","Pyracantha crenulata"
"2428","Pyracantha fortuneana"
"2429","Pyracantha koidzumii"
"2430","Pyrostegia venusta"
"2431","Pyrus calleryana"
"2432","Pyrus communis"
"2433","Pyrus pyrifolia"
"2434","Quassia amara"
"2435","Quercus acutissima"
"2436","Quercus cerris"
"2437","Quercus ilex"
"2438","Quercus suber"
"2439","Radiola linoides"
"2440","Ranunculus cortusifolius"
"2441","Ranunculus ficaria"
"2442","Ranunculus marginatus"
"2443","Ranunculus muricatus"
"2444","Ranunculus parviflorus"
"2445","Ranunculus platensis"
"2446","Ranunculus sardous"
"2447","Ranunculus trilobus"
"2448","Raphanus raphanistrum"
"2449","Rapistrum rugosum"
"2450","Ravenala madagascariensis"
"2451","Reichardia picroides"
"2452","Reseda alba"
"2453","Reseda lutea"
"2454","Reseda odorata"
"2455","Reseda phyteuma"
"2456","Retama monosperma"
"2457","Rhagadiolus stellatus"
"2458","Rhamnus arguta"
"2459","Rhamnus cathartica"
"2460","Rhamnus davurica"
"2461","Rhamnus japonica"
"2462","Rhamnus utilis"
"2463","Rhapis excelsa"
"2464","Rheum rhabarbarum"
"2465","Rhinanthus major"
"2466","Rhinanthus serotinus"
"2467","Rhodanthe chlorocephala"
"2468","Rhododendron japonicum"
"2469","Rhodomyrtus tomentosa"
"2470","Rhodotypos scandens"
"2471","Rhynchospora kunthii"
"2472","Ribes alpinum"
"2473","Ribes nigrum"
"2474","Ribes rubrum"
"2475","Ribes uva-crispa"
"2476","Richardia grandiflora"
"2477","Richardia humistrata"
"2478","Ricinus communis"
"2479","Roemeria refracta"
"2480","Romulea rosea"
"2481","Rorippa amphibia"
"2482","Rorippa austriaca"
"2483","Rorippa cantoniensis"
"2484","Rorippa globosa"
"2485","Rorippa indica"
"2486","Rorippa islandica"
"2487","Rorippa sylvestris"
"2488","Rosa bracteata"
"2489","Rosa canina"
"2490","Rosa chinensis"
"2491","Rosa cinnamomea"
"2492","Rosa gallica"
"2493","Rosa laevigata"
"2494","Rosa majalis"
"2495","Rosa moschata"
"2496","Rosa multiflora"
"2497","Rosa rubiginosa"
"2498","Rosa sherardii"
"2499","Rosa sicula"
"2500","Rosa spinosissima"
"2501","Rosa tomentosa"
"2502","Rosa villosa"
"2503","Rosa xanthina"
"2504","Rostraria cristata"
"2505","Rotala indica"
"2506","Rotala rotundifolia"
"2507","Rottboellia cochinchinensis"
"2508","Rousselia humilis"
"2509","Rubia tinctorum"
"2510","Rubus bifrons"
"2511","Rubus caesius"
"2512","Rubus geniculatus"
"2513","Rubus illecebrosus"
"2514","Rubus laciniatus"
"2515","Rubus macrophyllus"
"2516","Rubus niveus"
"2517","Rubus parvifolius"
"2518","Rubus phoenicolasius"
"2519","Rubus thyrsoides"
"2520","Rubus ulmifolius"
"2521","Rubus vestitus"
"2522","Ruellia blechum"
"2523","Ruellia ciliatiflora"
"2524","Rumex acetosella"
"2525","Rumex alpinus"
"2526","Rumex bucephalophorus"
"2527","Rumex conglomeratus"
"2528","Rumex crispus"
"2529","Rumex cristatus"
"2530","Rumex frutescens"
"2531","Rumex kerneri"
"2532","Rumex longifolius"
"2533","Rumex obovatus"
"2534","Rumex obtusifolius"
"2535","Rumex paraguayensis"
"2536","Rumex patientia"
"2537","Rumex pseudonatronatus"
"2538","Rumex sanguineus"
"2539","Rumex stenophyllus"
"2540","Russelia equisetiformis"
"2541","Ruta chalepensis"
"2542","Ruta graveolens"
"2543","Rytidosperma biannulare"
"2544","Rytidosperma caespitosum"
"2545","Rytidosperma pilosum"
"2546","Rytidosperma racemosum"
"2547","Rytidosperma semiannulare"
"2548","Saccharum officinarum"
"2549","Sacciolepis indica"
"2550","Sageretia thea"
"2551","Sagina japonica"
"2552","Sagina subulata"
"2553","Sagittaria guayanensis"
"2554","Sagittaria montevidensis"
"2555","Salix alba"
"2556","Salix atrocinerea"
"2557","Salix aurita"
"2558","Salix babylonica"
"2559","Salix caprea"
"2560","Salix fragilis"
"2561","Salix matsudana"
"2562","Salix pentandra"
"2563","Salix viminalis"
"2564","Salpichroa origanifolia"
"2565","Salpiglossis sinuata"
"2566","Salsola collina"
"2567","Salsola kali"
"2568","Salsola paulsenii"
"2569","Salsola soda"
"2570","Salsola tragus"
"2571","Salsola vermiculata"
"2572","Salvia aethiopis"
"2573","Salvia argentea"
"2574","Salvia glutinosa"
"2575","Salvia hispanica"
"2576","Salvia longistyla"
"2577","Salvia microphylla"
"2578","Salvia nutans"
"2579","Salvia occidentalis"
"2580","Salvia officinalis"
"2581","Salvia pallida"
"2582","Salvia pratensis"
"2583","Salvia splendens"
"2584","Salvia tiliifolia"
"2585","Salvia verbenaca"
"2586","Salvia verticillata"
"2587","Salvia virgata"
"2588","Salvinia minima"
"2589","Salvinia molesta"
"2590","Salvinia natans"
"2591","Samanea saman"
"2592","Sambucus ebulus"
"2593","Sanguisorba minor"
"2594","Sansevieria hyacinthoides"
"2595","Sansevieria trifasciata"
"2596","Santalum album"
"2597","Santolina chamaecyparissus"
"2598","Sanvitalia procumbens"
"2599","Sapindus mukorossi"
"2600","Saponaria ocymoides"
"2601","Saponaria officinalis"
"2602","Saponaria pumilio"
"2603","Sasa palmata"
"2604","Satureja hortensis"
"2605","Satureja montana"
"2606","Saxifraga sibthorpii"
"2607","Saxifraga stolonifera"
"2608","Scabiosa atropurpurea"
"2609","Scabiosa columbaria"
"2610","Scabiosa ochroleuca"
"2611","Scandix pecten-veneris"
"2612","Schedonorus arundinaceus"
"2613","Schedonorus giganteus"
"2614","Schedonorus pratensis"
"2615","Schefflera actinophylla"
"2616","Schinus longifolius"
"2617","Schinus molle"
"2618","Schinus polygamus"
"2619","Schinus terebinthifolius"
"2620","Schismus arabicus"
"2621","Schismus barbatus"
"2622","Schizachyrium condensatum"
"2623","Schizanthus pinnatus"
"2624","Schoenoplectus lacustris"
"2625","Schoenoplectus triqueter"
"2626","Scilla siberica"
"2627","Scirpoides holoschoenus"
"2628","Scleranthus annuus"
"2629","Scleranthus perennis"
"2630","Scleria bourgeaui"
"2631","Scleria lacustris"
"2632","Sclerochloa dura"
"2633","Scolymus hispanicus"
"2634","Scolymus maculatus"
"2635","Scoparia flava"
"2636","Scoparia montevidensis"
"2637","Scorpiurus muricatus"
"2638","Scorzonera hispanica"
"2639","Scorzonera laciniata"
"2640","Scrophularia auriculata"
"2641","Scrophularia canina"
"2642","Scrophularia peregrina"
"2643","Scrophularia umbrosa"
"2644","Scutellaria altissima"
"2645","Scutellaria racemosa"
"2646","Secale cereale"
"2647","Sechium edule"
"2648","Securigera cretica"
"2649","Securigera globosa"
"2650","Securigera securidaca"
"2651","Securigera varia"
"2652","Sedum acre"
"2653","Sedum album"
"2654","Sedum dasyphyllum"
"2655","Sedum dendroideum"
"2656","Sedum hispanicum"
"2657","Sedum lineare"
"2658","Sedum mexicanum"
"2659","Sedum ochroleucum"
"2660","Sedum praealtum"
"2661","Sedum sarmentosum"
"2662","Sedum sexangulare"
"2663","Sedum stoloniferum"
"2664","Selaginella braunii"
"2665","Selaginella kraussiana"
"2666","Selaginella uncinata"
"2667","Selaginella willdenowii"
"2668","Selenicereus pteranthus"
"2669","Selinum carvifolia"
"2670","Sempervivum tectorum"
"2671","Senecio cannabinifolius"
"2672","Senecio elegans"
"2673","Senecio rupestris"
"2674","Senecio squalidus"
"2675","Senecio sylvaticus"
"2676","Senecio viscosus"
"2677","Senecio vulgaris"
"2678","Senna alata"
"2679","Senna artemisioides"
"2680","Senna atomaria"
"2681","Senna corymbosa"
"2682","Senna didymobotrya"
"2683","Senna italica"
"2684","Senna multiglandulosa"
"2685","Senna occidentalis"
"2686","Senna siamea"
"2687","Senna spectabilis"
"2688","Senna surattensis"
"2689","Senna tora"
"2690","Serratula tinctoria"
"2691","Sesbania cannabina"
"2692","Sesbania grandiflora"
"2693","Sesbania punicea"
"2694","Sesbania sericea"
"2695","Sesbania virgata"
"2696","Seseli libanotis"
"2697","Sesuvium crithmoides"
"2698","Setaria adhaerens"
"2699","Setaria barbata"
"2700","Setaria faberi"
"2701","Setaria italica"
"2702","Setaria megaphylla"
"2703","Setaria nigrirostris"
"2704","Setaria pumila"
"2705","Setaria setosa"
"2706","Setaria sphacelata"
"2707","Setaria verticillata"
"2708","Setaria verticilliformis"
"2709","Setaria viridis"
"2710","Severinia buxifolia"
"2711","Sherardia arvensis"
"2712","Sida abutifolia"
"2713","Sida antillensis"
"2714","Sida cordifolia"
"2715","Sida linifolia"
"2716","Sida santaremensis"
"2717","Sida urens"
"2718","Sideritis lanata"
"2719","Sideritis montana"
"2720","Sideritis romana"
"2721","Sigesbeckia orientalis"
"2722","Silene armeria"
"2723","Silene chlorantha"
"2724","Silene coeli-rosa"
"2725","Silene conica"
"2726","Silene conoidea"
"2727","Silene csereii"
"2728","Silene dichotoma"
"2729","Silene dioica"
"2730","Silene gallica"
"2731","Silene italica"
"2732","Silene latifolia"
"2733","Silene noctiflora"
"2734","Silene nutans"
"2735","Silene pendula"
"2736","Silene pseudatocion"
"2737","Silene vulgaris"
"2738","Silybum marianum"
"2739","Sinapis alba"
"2740","Sinapis arvensis"
"2741","Sisymbrium altissimum"
"2742","Sisymbrium austriacum"
"2743","Sisymbrium erysimoides"
"2744","Sisymbrium irio"
"2745","Sisymbrium loeselii"
"2746","Sisymbrium officinale"
"2747","Sisymbrium polyceratium"
"2748","Sisymbrium turczaninowii"
"2749","Sisyrinchium iridifolium"
"2750","Solandra grandiflora"
"2751","Solanum aviculare"
"2752","Solanum bulbocastanum"
"2753","Solanum capsicoides"
"2754","Solanum cardiophyllum"
"2755","Solanum diphyllum"
"2756","Solanum donianum"
"2757","Solanum furcatum"
"2758","Solanum glaucophyllum"
"2759","Solanum lanceolatum"
"2760","Solanum lycopersicum"
"2761","Solanum marginatum"
"2762","Solanum mauritianum"
"2763","Solanum melongena"
"2764","Solanum nigrescens"
"2765","Solanum nigrum"
"2766","Solanum peruvianum"
"2767","Solanum physalifolium"
"2768","Solanum pseudocapsicum"
"2769","Solanum scabrum"
"2770","Solanum seaforthianum"
"2771","Solanum sisymbriifolium"
"2772","Solanum tampicense"
"2773","Solanum torvum"
"2774","Solanum tuberosum"
"2775","Solanum umbellatum"
"2776","Solanum viarum"
"2777","Solanum villosum"
"2778","Solanum virginianum"
"2779","Solanum wendlandii"
"2780","Soleirolia soleirolii"
"2781","Soliva sessilis"
"2782","Sonchus arvensis"
"2783","Sonchus asper"
"2784","Sonchus oleraceus"
"2785","Sonchus tenerrimus"
"2786","Sorbaria kirilowii"
"2787","Sorbaria sorbifolia"
"2788","Sorbus aucuparia"
"2789","Sorbus hybrida"
"2790","Sorghum bicolor"
"2791","Sorghum halepense"
"2792","Sorghum propinquum"
"2793","Sparaxis fragrans"
"2794","Sparaxis tricolor"
"2795","Sparganium erectum"
"2796","Spartina densiflora"
"2797","Spartina maritima"
"2798","Spartium junceum"
"2799","Spathodea campanulata"
"2800","Spathoglottis plicata"
"2801","Spergula arvensis"
"2802","Spergula morisonii"
"2803","Spergula pentandra"
"2804","Spergularia diandra"
"2805","Spergularia platensis"
"2806","Spergularia purpurea"
"2807","Spergularia rubra"
"2808","Spergularia villosa"
"2809","Spermacoce exilis"
"2810","Spermacoce ovalifolia"
"2811","Spermacoce verticillata"
"2812","Sphaeralcea bonariensis"
"2813","Sphaerophysa salsula"
"2814","Sphagneticola trilobata"
"2815","Sphenoclea zeylanica"
"2816","Spinacia oleracea"
"2817","Spiraea cantoniensis"
"2818","Spiraea chamaedryfolia"
"2819","Spiraea hypericifolia"
"2820","Spiraea japonica"
"2821","Spiraea salicifolia"
"2822","Spiraea thunbergii"
"2823","Spiraea trilobata"
"2824","Spondias dulcis"
"2825","Spondias mombin"
"2826","Spondias pinnata"
"2827","Spondias purpurea"
"2828","Sporobolus diandrus"
"2829","Sporobolus fimbriatus"
"2830","Sporobolus indicus"
"2831","Sporobolus tenuissimus"
"2832","Stachys annua"
"2833","Stachys arvensis"
"2834","Stachys byzantina"
"2835","Stachys germanica"
"2836","Stachys longispicata"
"2837","Stachys macrantha"
"2838","Stachys ocymastrum"
"2839","Stachys officinalis"
"2840","Stachys recta"
"2841","Stachys sylvatica"
"2842","Stachytarpheta cayennensis"
"2843","Stachytarpheta urticifolia"
"2844","Stellaria graminea"
"2845","Stellaria holostea"
"2846","Stellaria media"
"2847","Stellaria palustris"
"2848","Stellaria parva"
"2849","Stemodia verticillata"
"2850","Stenochlaena tenuifolia"
"2851","Sternbergia lutea"
"2852","Stictocardia tiliifolia"
"2853","Striga asiatica"
"2854","Striga gesnerioides"
"2855","Strychnos spinosa"
"2856","Stylosanthes guianensis"
"2857","Styphnolobium japonicum"
"2858","Styrax japonicus"
"2859","Suaeda linifolia"
"2860","Succisa pratensis"
"2861","Succisella inflexa"
"2862","Swietenia macrophylla"
"2863","Swietenia mahagoni"
"2864","Syagrus romanzoffiana"
"2865","Symphytum asperum"
"2866","Symphytum officinale"
"2867","Symphytum tuberosum"
"2868","Symplocos paniculata"
"2869","Synedrella nodiflora"
"2870","Syngonium angustatum"
"2871","Syringa josikaea"
"2872","Syringa reticulata"
"2873","Syringa villosa"
"2874","Syringa vulgaris"
"2875","Syzygium aqueum"
"2876","Syzygium aromaticum"
"2877","Syzygium cumini"
"2878","Syzygium jambos"
"2879","Syzygium malaccense"
"2880","Tabebuia aurea"
"2881","Tabernaemontana alba"
"2882","Tabernaemontana divaricata"
"2883","Taeniatherum caput-medusae"
"2884","Tagetes erecta"
"2885","Tagetes minima"
"2886","Tagetes minuta"
"2887","Tamarindus indica"
"2888","Tamarix africana"
"2889","Tamarix aphylla"
"2890","Tamarix aralensis"
"2891","Tamarix canariensis"
"2892","Tamarix chinensis"
"2893","Tamarix gallica"
"2894","Tamarix parviflora"
"2895","Tamarix ramosissima"
"2896","Tamarix tetragyna"
"2897","Tanacetum balsamita"
"2898","Tanacetum coccineum"
"2899","Tanacetum corymbosum"
"2900","Tanacetum parthenium"
"2901","Tanacetum vulgare"
"2902","Taraxacum palustre"
"2903","Taxus cuspidata"
"2904","Tecoma capensis"
"2905","Tectaria incisa"
"2906","Tectona grandis"
"2907","Teesdalia coronopifolia"
"2908","Teesdalia nudicaulis"
"2909","Tephrosia candida"
"2910","Tephrosia cinerea"
"2911","Tephrosia purpurea"
"2912","Tephrosia sinapou"
"2913","Tephrosia vestita"
"2914","Tephrosia villosa"
"2915","Teramnus labialis"
"2916","Terminalia catappa"
"2917","Terminalia muelleri"
"2918","Tetradium daniellii"
"2919","Tetragonia tetragonioides"
"2920","Tetrapanax papyrifer"
"2921","Teucrium botrys"
"2922","Teucrium fruticans"
"2923","Teucrium orientale"
"2924","Teucrium scorodonia"
"2925","Themeda arguens"
"2926","Themeda quadrivalvis"
"2927","Themeda triandra"
"2928","Theobroma cacao"
"2929","Thesium arvense"
"2930","Thespesia populnea"
"2931","Thevetia peruviana"
"2932","Thinopyrum intermedium"
"2933","Thinopyrum ponticum"
"2934","Thinopyrum pycnanthum"
"2935","Thladiantha dubia"
"2936","Thlaspi alliaceum"
"2937","Thlaspi arvense"
"2938","Thunbergia alata"
"2939","Thunbergia erecta"
"2940","Thunbergia fragrans"
"2941","Thunbergia grandiflora"
"2942","Thymelaea passerina"
"2943","Thymus kosteletzkyanus"
"2944","Thymus praecox"
"2945","Thymus vulgaris"
"2946","Thysanolaena latifolia"
"2947","Ticanto nuga"
"2948","Tilia cordata"
"2949","Tilia platyphyllos"
"2950","Tithonia diversifolia"
"2951","Tithonia rotundifolia"
"2952","Tolpis barbata"
"2953","Toona ciliata"
"2954","Tordylium apulum"
"2955","Torenia fournieri"
"2956","Torilis arvensis"
"2957","Torilis japonica"
"2958","Torilis leptophylla"
"2959","Torilis nodosa"
"2960","Torilis scabra"
"2961","Trachelospermum jasminoides"
"2962","Trachyspermum ammi"
"2963","Tradescantia crassula"
"2964","Tradescantia fluminensis"
"2965","Tradescantia spathacea"
"2966","Tradescantia zebrina"
"2967","Tragopogon dubius"
"2968","Tragopogon floccosus"
"2969","Tragopogon hybridus"
"2970","Tragopogon mirabilis"
"2971","Tragopogon miscellus"
"2972","Tragopogon porrifolius"
"2973","Tragopogon pratensis"
"2974","Tragus australianus"
"2975","Tragus berteronianus"
"2976","Tragus heptaneuron"
"2977","Tragus racemosus"
"2978","Trapa natans"
"2979","Trema orientalis"
"2980","Triadica sebifera"
"2981","Tribolium obliterum"
"2982","Tribulus cistoides"
"2983","Tribulus terrestris"
"2984","Trichosanthes cucumerina"
"2985","Tricyrtis hirta"
"2986","Tridax procumbens"
"2987","Trifolium alexandrinum"
"2988","Trifolium ambiguum"
"2989","Trifolium angustifolium"
"2990","Trifolium aureum"
"2991","Trifolium campestre"
"2992","Trifolium cernuum"
"2993","Trifolium dalmaticum"
"2994","Trifolium dubium"
"2995","Trifolium echinatum"
"2996","Trifolium gemellum"
"2997","Trifolium glomeratum"
"2998","Trifolium hirtum"
"2999","Trifolium hybridum"
"3000","Trifolium lappaceum"
"3001","Trifolium michelianum"
"3002","Trifolium nigrescens"
"3003","Trifolium polymorphum"
"3004","Trifolium purpureum"
"3005","Trifolium repens"
"3006","Trifolium retusum"
"3007","Trifolium scabrum"
"3008","Trifolium spumosum"
"3009","Trifolium squamosum"
"3010","Trifolium stellatum"
"3011","Trifolium striatum"
"3012","Trifolium subterraneum"
"3013","Trifolium suffocatum"
"3014","Trifolium tomentosum"
"3015","Trifolium vesiculosum"
"3016","Trigonella caerulea"
"3017","Trigonella corniculata"
"3018","Trigonella foenum-graecum"
"3019","Trigonella procumbens"
"3020","Trimezia martinicensis"
"3021","Triphasia trifolia"
"3022","Tripolium pannonicum"
"3023","Triraphis mollis"
"3024","Trisetum aureum"
"3025","Trisetum flavescens"
"3026","Tristagma uniflorum"
"3027","Triticum aestivum"
"3028","Triticum turgidum"
"3029","Triumfetta rhomboidea"
"3030","Tropaeolum majus"
"3031","Tulipa gesneriana"
"3032","Tulipa sylvestris"
"3033","Turgenia latifolia"
"3034","Tussilago farfara"
"3035","Typhonium blumei"
"3036","Ulex europaeus"
"3037","Ulmus glabra"
"3038","Ulmus parvifolia"
"3039","Ulmus procera"
"3040","Ulmus pumila"
"3041","Uncinia hamata"
"3042","Urena lobata"
"3043","Urochloa arrecta"
"3044","Urochloa distachya"
"3045","Urochloa mutica"
"3046","Urochloa oligobrachiata"
"3047","Urochloa panicoides"
"3048","Urochloa piligera"
"3049","Urochloa plantaginea"
"3050","Urochloa ramosa"
"3051","Urochloa reptans"
"3052","Urochloa villosa"
"3053","Urospermum picroides"
"3054","Urtica ballotifolia"
"3055","Urtica urens"
"3056","Vaccaria hispanica"
"3057","Vachellia cornigera"
"3058","Vachellia sphaerocephala"
"3059","Valeriana officinalis"
"3060","Valerianella carinata"
"3061","Valerianella dentata"
"3062","Valerianella locusta"
"3063","Vallesia glabra"
"3064","Vanilla mexicana"
"3065","Vanilla pompona"
"3066","Velezia rigida"
"3067","Venidium fastuosum"
"3068","Ventenata dubia"
"3069","Verbascum blattaria"
"3070","Verbascum chaixii"
"3071","Verbascum densiflorum"
"3072","Verbascum lychnitis"
"3073","Verbascum nigrum"
"3074","Verbascum phlomoides"
"3075","Verbascum phoeniceum"
"3076","Verbascum pulverulentum"
"3077","Verbascum sinuatum"
"3078","Verbascum speciosum"
"3079","Verbascum thapsus"
"3080","Verbascum virgatum"
"3081","Verbena bonariensis"
"3082","Verbena brasiliensis"
"3083","Verbena litoralis"
"3084","Verbena montevidensis"
"3085","Verbena officinalis"
"3086","Verbena rigida"
"3087","Verbena supina"
"3088","Vernicia fordii"
"3089","Veronica agrestis"
"3090","Veronica arvensis"
"3091","Veronica austriaca"
"3092","Veronica beccabunga"
"3093","Veronica biloba"
"3094","Veronica campylopoda"
"3095","Veronica chamaedrys"
"3096","Veronica cymbalaria"
"3097","Veronica dillenii"
"3098","Veronica filiformis"
"3099","Veronica grandis"
"3100","Veronica hederifolia"
"3101","Veronica officinalis"
"3102","Veronica persica"
"3103","Veronica polita"
"3104","Veronica prostrata"
"3105","Veronica spicata"
"3106","Veronica triphyllos"
"3107","Veronica undulata"
"3108","Veronica verna"
"3109","Viburnum buddleifolium"
"3110","Viburnum carlesii"
"3111","Viburnum dilatatum"
"3112","Viburnum plicatum"
"3113","Viburnum rhytidophyllum"
"3114","Viburnum setigerum"
"3115","Viburnum sieboldii"
"3116","Viburnum suspensum"
"3117","Viburnum tinus"
"3118","Vicia articulata"
"3119","Vicia benghalensis"
"3120","Vicia bithynica"
"3121","Vicia cracca"
"3122","Vicia disperma"
"3123","Vicia faba"
"3124","Vicia hirsuta"
"3125","Vicia hybrida"
"3126","Vicia lathyroides"
"3127","Vicia laxiflora"
"3128","Vicia monantha"
"3129","Vicia narbonensis"
"3130","Vicia pannonica"
"3131","Vicia peregrina"
"3132","Vicia sativa"
"3133","Vicia sepium"
"3134","Vicia villosa"
"3135","Vigna adenantha"
"3136","Vigna angularis"
"3137","Vigna hosei"
"3138","Vigna marina"
"3139","Vigna mungo"
"3140","Vigna radiata"
"3141","Vigna speciosa"
"3142","Vigna unguiculata"
"3143","Vinca herbacea"
"3144","Vinca minor"
"3145","Viola odorata"
"3146","Viola patrinii"
"3147","Viola tricolor"
"3148","Viscum album"
"3149","Vitex agnus-castus"
"3150","Vitex glabrata"
"3151","Vitex negundo"
"3152","Vitex parviflora"
"3153","Vitex rotundifolia"
"3154","Vitex trifolia"
"3155","Vitis vinifera"
"3156","Vulpia bromoides"
"3157","Vulpia ciliata"
"3158","Vulpia myuros"
"3159","Wahlenbergia linarioides"
"3160","Wahlenbergia marginata"
"3161","Washingtonia robusta"
"3162","Watsonia marginata"
"3163","Watsonia meriana"
"3164","Wedelia fruticosa"
"3165","Weigela floribunda"
"3166","Weigela florida"
"3167","Wigandia urens"
"3168","Wissadula amplissima"
"3169","Wisteria floribunda"
"3170","Wisteria sinensis"
"3171","Woodwardia radicans"
"3172","Xanthium spinosum"
"3173","Xenostegia tridentata"
"3174","Youngia japonica"
"3175","Zamia furfuracea"
"3176","Zantedeschia aethiopica"
"3177","Zantedeschia albomaculata"
"3178","Zanthoxylum simulans"
"3179","Zea mays"
"3180","Zea perennis"
"3181","Zelkova serrata"
"3182","Zephyranthes candida"
"3183","Zephyranthes citrina"
"3184","Zephyranthes rosea"
"3185","Zeuxine strateumatica"
"3186","Zingiber officinale"
"3187","Zingiber zerumbet"
"3188","Zinnia angustifolia"
"3189","Zinnia violacea"
"3190","Ziziphus mauritiana"
"3191","Zornia gibbosa"
"3192","Zoysia japonica"
"3193","Zoysia matrella"
"3194","Zoysia tenuifolia"
